SMILES,Label
C/C=C/C=O,1
CC1=CC[C@H](CC1)C(=C)C,1
CC1=CC=C(C=C1)OCC2CO2,1
Oc1ccccc1O,1
O=c1[nH]sc2ccccc12,1
COCCOC,1
Cc1ccc(cc1N=C=O)N2C(=O)N(c3ccc(C)c(c3)N=C=O)C(=O)N(c4ccc(C)c(c4)N=C=O)C2=O,1
C1=CC=C(C=C1)N=NC2=C(C=C(C=C2)N)N,1
C1=CC(=CC=C1CC2=CC=C(C=C2)N=C3N(C(=O)N3C4=CC=C(C=C4)CC5=CC=C(C=C5)N=C=O)C6=CC=C(C=C6)CC7=CC=C(C=C7)N=C=O)N=C=O,1
Cc1ccc(cc1N=C=O)N2C(=O)N(c3ccc(C)c(c3)N=C=O)C2=O,1
C1=CC(=CC=C1CC2=CC=C(C=C2)N3C(=O)N(C3=O)C4=CC=C(C=C4)CC5=CC=C(C=C5)N=C=O)N=C=O,1
O=S1(=O)CCCO1,1
C1=CC(=C2C(=C1N)C(=O)C3=C(C=CC(=C3C2=O)N)N)N,1
CC(=CCC[C@](C)(C=C)OC(=O)C)C,1
CC1=CCCC(C1/C=C/C(=O)CCC=C)(C)C,1
CC(=CCC[C@@](C)(C=C)O)C,1
CC1(CCC(=CC1)CCC=O)C,1
CCCCCCCCCCN(CCCCCCCCCC)CCCCCCCCCC,1
CCCCCCCCCCCCCCCCCCCCCCNCCCCCCCCCCCCCCCCCCCCCC,1
CCCCCCCCCCCCN(CCCCCCCCCCCC)CCCCCCCCCCCC,1
CCC12COCN1COC2,1
C1C2(COCN2CO1)CO,1
CCCCCCCCCCCCCCCCNCCCCCCCCCCCCCCCC,1
CC1=CCCC(C1/C=C/C(=O)CC(C)C)(C)C,1
CCCCCCCCN(CCCCCCCC)CCCCCCCC,1
CCC(=O)/C=C/C1=C(CCCC1(C)C)C,1
CCC(=O)/C=C/[C@H]1C(=CCCC1(C)C)C,1
CCC(=O)/C=C/C1C(C=CCC1(C)C)C,1
CCCCCCCCCCCCCCCCCCOCCCN(C)C,1
ClCC=C,1
CCCCCCCCCCCCCCNCCCCCCCCCCCCCC,1
OCC1CO1,1
CCC=CCC=CC=CC(=O)OCC,1
CC1(C(=O)N(C(=O)N1CO)CO)C,1
CC(=CCC/C(=C/CO)/C)C,1
CCCCC(CC)COC(=O)C=C,1
CC1CCOC(C1)C2=CC=CC=C2,1
CC(O)CN(CC(C)O)CC(C)O,1
C=CCOC(=O)/C=C/C1=CC=CC=C1,1
CN1CCCC1=O,1
CCCCCCCCCc1cccc(OCCCOCCOCCOCCOCCOCCOCCOCCOCCOCO)c1,1
CCCCCCCCCC1=CC=C(C=C1)OCCOCCOCCOCCOCCOCCOCCOCCO,1
CCCCCCCCCCCCOCCOCCOCCOCCOCCOCCOCCO,1
CCCCCCCCCC1=C(C(=CC=C1)CCCCCCCCC)OCCOCCOCCOCCOCCOCCOCCOP(=O)(O)O,1
CCCCCCCCCCCCOCCOCCOCCOCCOCCO,1
CCCCCCCCCC1=CC=CC=C1OCCOCCOCCOCCOCCOCCO,1
CCCCCCCCCCCCOCCOCCOCCOCCO,1
CC1CC(=CC(C1C=C(C)C(=O)C)C)C,1
CC1=C(C(CCC1)(C)C)C=C(C)C(=O)C,1
CC1C=C(CC(C1C)/C=C(\C)/C(=O)C)C,1
CC(=O)/C=C/C1C(=C)CCCC1(C)C,1
CC1CC(=CC(C1/C=C/C(=O)C)C)C,1
CC1CCC(=C(C1(C)C)/C=C/C(=O)C)C,1
CC1CC=C(C(C1(C)C)/C=C/C(=O)C)C,1
CC1=C(C(CCC1)(C)C)/C=C/C(=O)C,1
CC1=CCCC(C1/C=C/C(=O)C)(C)C,1
CC1C=C(CC(C1C)/C=C/C(=O)C)C,1
CC1C(C2=C(C1(C)C)C(=O)CCC2)(C)C,1
CC1=CC=C(C=C1)S(=O)(=O)N=C=O,1
CCC(=O)/C=C/C1C(CC(=CC1C)C)C,1
CCC(=O)/C=C/C1CC(=CC(C1C)C)C,1
CC(C)(C)c1ccc(O)cc1,1
C=CC1CCC=CC1,1
CCCCC(CC)CN1CC(CN(C1)CC(CC)CCCC)(C)N,1
CCCCCCCC/C=C\CCCCCCCCNCCCCCCCC/C=C\CCCCCCCC,1
OCC=C,1
C=CCOCC1CO1,1
CCCCCCCCCCCCCCCCCCN,1
CCCCCCCCCC(CCCCCCCC)N(C(CCCCCCCC)CCCCCCCCC)C(CCCCCCCC)CCCCCCCCC,1
C1=CC(=C(C(=C1)Cl)Cl)N,1
Cc1cccc(N)c1C,1
CC1=CC(=C(C=C1)C)N,1
CC1=C(C=C(C=C1)N)C,1
O=C=Nc1ccc(Cc2ccc(cc2)N=C=O)cc1,1
CC(C)(C1=CC(=CC=C1)C(C)(C)N=C=O)N=C=O,1
C1=CC=C(C(=C1)CC2=CC=C(C=C2)N=C=O)N=C=O,1
CC(Cc1ccc(cc1)C(C)(C)C)C=O,1
C1=CC=C(C=C1)C(=O)O,1
CCCCCCCCCCCC[N+](C)(C)CCCS(=O)(=O)[O-],1
O=C1CCO1,1
CC1=CCC2CC1C2(C)C,1
CC1(C)C2CC1C(=C)CC2,1
CC1=CCC2C(C1)C2(C)C,1
CCCCOCC1CO1,1
CCNC(=S)OC(C)C,1
CC(=CCCC(=CC=O)C)C,1
CCCCCCCC1C(CCC(C1CCCCCCCCCN=C=O)CCCCCCCCCN=C=O)CCCCC,1
C[C@H]1CC[C@@H](C(=O)C1)C(C)C,1
Clc1ccccc1,1
ClC(Cl)Cl,1
ClCCl,1
O=CC=O,1
BrCCBr,1
CCCCCCCCCCCCOCCO,1
CCCCCCCCCC1=CC=CC=C1OCCO,1
OCCN(CCO)CCO,1
OCCNCCO,1
CCCCCCCCCCCCOCCOCCO,1
CCCCCCCCCCCCOCCOCCOCCO,1
CCCCCCCCCc1ccc(OCCOCCOCCOCCO)cc1,1
ClC=C(Cl)Cl,1
C1=COC=C1,1
C1CCOC1,1
CCCCCC(=Cc1ccccc1)C=O,1
CCCCCC(CCC)C#N,1
CC(C)COC(=O)C(=C)C,1
C1=CC=C(C=C1)COCO,1
CI,1
COC(=O)C(=C)C,1
Cc1ccc(cc1N=C=O)N=C=O,1
Cc1cccc(C)c1,1
C1=CC=C(C=C1)NC2=CC3=CC=CC=C3C=C2,1
CCCCOC(=O)C=C,1
CCCCCC,1
CCCCCCC(=Cc1ccccc1)C=O,1
CC1(COCN1)C,1
CCCCC(CC)COCC1(COC1)CC,1
C(Oc1ccccc1)C1CO1,1
CC(C)(C)OCC1CO1,1
CCCCCCCCCCC1CO1,1
CCCCCCCCCCCCC1CO1,1
CCCCCCCCCCCCCCCCC1CO1,1
CCCCCCCCCCCCCCCC1CO1,1
CCCCCCCCCCCCCCC1CO1,1
Cc1ccccc1C,1
CCCCCCCC\C=C/CCCCCCCCOCCO,1
Cc1ccc(C)cc1,1
COc1cc(C=CC)ccc1O,1
C1=CC(=CC(=C1)O)[N+](=O)[O-],1
Oc1ccc(Cl)cc1Cc1ccccc1,1
NNc1ccccc1,1
CCCCOP(=O)(OCCCC)OCCCC,1
c1ccc2ncccc2c1,1
C(Oc1cccc(OCC2CO2)c1)C1CO1,1
Cc1ccccc1,1
CC(=S)N,1
C(NC(=O)NC1C(=O)NC(=O)N1CO)NC(=O)NC2C(=O)NC(=O)N2CO,1
C(NC(=O)N(CO)C1C(=O)N(C(=O)N1CO)CO)O,1
Clc1ccc(cc1)C(Cl)(Cl)Cl,1
ClC(Cl)c1ccccc1,1
C1=CC(=CC=C1NC(=O)NC2=CC(=C(C=C2)Cl)Cl)Cl,0
C=CCCC=C,0
C(CCBr)CCl,0
C1=CC(=CC(=C1)Cl)[N+](=O)[O-],0
CN1CCNC(C1)C2=CC=CC=C2,1
C1=CSC(=C1C(=O)O)NC=O,0
CCCCC(CC)COC(=O)/C=C/C1=CC=C(C=C1)OC,0
CCCCC(CC)COC(=O)C1=CC=C(C=C1)N,0
C(CSSCCC(=O)O)C(=O)O,0
CCC(C)(C)CC,0
C1=CC(=C(C=C1[N+](=O)[O-])Cl)F,0
CC(C)(C)C1=CC(=CC(=C1O)C(C)(C)C)CC2=CC(=C(C(=C2)C(C)(C)C)O)C(C)(C)C,0
CC1C(=O)C(=C(O1)C)OC(=O)C,0
C1=NN=CN1N,0
CSC1=CC=C(C=C1)C=O,0
C=CCOC(=O)COC1=CC=CC=C1,0
CC1=C(C=C(C=C1)C(C)(C)C)S,1
C1=CC=C(C=C1)CO,0
C1=CC=C(C=C1)COC(=O)C2=CC=CC=C2O,0
CCCCOC(=O)C(=C)C,1
CCCCCCC(C)OC(=O)CCCCCCCCCCCCCCC(C)C,0
C1CCCCCCCC(=O)CCCCCCC1,0
CC(C)OC(=O)CCCCCCCCC(=O)OC(C)C,0
CCCSSCCC,1
CCC(O)OC(O)CC,0
CCCCCCCCCCCC(=O)O,0
CCCCCCCC/C=C\CCCCCCCCCCCC(=O)N,0
CC(CCCC(C)(C)O)CC=O,0
CCCCCCCCCCCCCC(=O)OC(C)C,0
CCCCCCCCCCCCCCCC(=O)OC(C)C,0
CCCCCCCCCCCCCCCC(=O)OC,1
CCCCCCCCCCCCCCCCCC(=O)OC,0
C1=CC=C2C(=C1)C=CC=C2CC(=O)O,0
CCCCOC(=O)CC,0
C1=C(C=C(C(=C1Br)O)Br)C2(C3=C(C(=C(C(=C3Br)Br)Br)Br)S(=O)(=O)O2)C4=CC(=C(C(=C4)Br)O)Br,0
C(COCCOCCO)O,0
CC(C)C(C)(C)[Si](OC)(OC)OC,1
CCCCC1=C(C2=C(O1)C=CC(=C2)[N+](=O)[O-])C(=O)C3=CC=C(C=C3)OCCCN(CCCC)CCCC,1
CC1([C@@H](N2[C@H](S1(=O)=O)C(C2=O)(Br)Br)C(=O)O)C,1
CCCCCCCCCCCCCCCC(=O)OC/C=C(\C)/CCC=C(C)C,1
CC1=CC=CC=C1C(C2=CC=CC=C2)Cl,1
CC(C)(C)CC(C)(C)OOC(=O)C(C)(C)C,1
C1=CC(=C(C=C1Cl)Cl)Cl,1
C(CCl)Cl,1
CC1C(CCC1(C)OC(=O)C)C(=C)C,1
CCC1CO1,1
C1=CC(=C(C=C1Cl)Cl)F,1
CN(C(=O)N(C)[Si](C)(C)C)[Si](C)(C)C,1
C1=CC=C(C=C1)NC(=NC2=CC=CC=C2)N,1
C12C(C(=O)OC1=O)C3(C(=C(C2(C3(Cl)Cl)Cl)Cl)Cl)Cl,1
CC1CCC(CC1)C,1
CC(C)CCCCCCCCCCCCCCCCCOC(=O)C(C)(C)C,1
C=CCC1=CC(=C(C=C1)F)Cl,1
C1=C(C=C(C=C1F)Br)F,1
CCCBr,1
CN(C(=N)N[N+](=O)[O-])N=O,1
C1=CC=C2C(=C1)C=CC=C2O,1
C1CC2CC1CN2CCOCCO,1
C=CCC1(CO1)C2=C(C=C(C=C2)Cl)Cl,1
CN1C(=O)N(OC1=O)C2=CC(=C(C=C2)Cl)Cl,1
CC(=C)CCOC(=O)C(C)(C)C,1
C=CC(=O)OCCOCCOC(=O)C=C,1
C1=C(C(=C(C(=C1Cl)Cl)Cl)O)Cl,1
C1=CC(=C(C(=C1N)F)F)F,1
C1=C(C(=C(C(=C1F)F)C(=O)O)F)F,1
CC(C)C(=O)C(C)(C)CC=C(C)C,1
CN(C)CC1=CC(=C(C(=C1)CN(C)C)O)CN(C)C,1
C1=C(C(=CC(=C1F)Cl)Cl)C(=O)Cl,1
CC(C)(C)C1CCC(=O)C(C1)C(C)(C)C,1
C1=C(C=C(C(=C1Cl)N)Cl)C(F)(F)F,1
CC1=C(C(=CC=C1)C)N,1
C1CCC(=C2CCCC2O)C1,1
CC1=CN=C(C=C1)Cl,1
CCCCCCCCCCCCCCC(C)C1=CC(=C(C=C1O)Cl)O,1
CCN(CC)CCOC(=O)C(=C)C,1
CCC(COC(=O)C=C)(COC(=O)C=C)COC(=O)C=C,1
CCC(CC)C(=O)N(C)C1=CC=CC(=C1)C,1
CC(=C)C(=O)OCCO,1
CC1CCC(C2(C1)OCC(O2)CO)C(C)C,1
CC(C)CC(COC)(COC)C(C)C,1
CC(C)CCC(COC)(COC)C(C)C,1
CC(C)C1=NC(=CS1)CNC,1
CC(CO)OC,1
CCCCCCCCCCCCCCC(C)C1=C(C(=CC(=C1)C(C)(C)C)C)O,1
CC(CCCC1=CC=CC=C1)CO,1
CC(CC(C)(C)O)O,1
CC(C)CO,1
CC(C)COC(=O)C(C)(C=C)O,1
C1=CC=C(C=C1)C2=CC=CC=C2O,1
CC(C(=O)N1C(=O)OCC1(C)C)Br,1
C1=CC=C(C=C1)OCCOCCCN,1
C=CC(C(F)(F)I)(F)F,1
CC(C)CCCC(C)CC#N,1
CC(C)SC1=C(C=CC=C1Cl)N,1
C(COC(=O)Cl)CCl,1
CC1(CC(CC(C1)(C)CN=C=O)N=C=O)C,1
CC(CCC1=CC=CC=C1)CC=O,1
CCC(C)C1=CC(=CC(=C1O)C(C)CC)N=NC2=CC(=C(C=C2)Cl)Cl,1
CCC(C)C1=CC(=CC(=C1O)C(C)CC)N=NC2=CC=C(C=C2)[N+](=O)[O-],1
CC(=CCCC(=CCCC(=CCC(=O)O)C)C)C,1
C1=CC(=C(C=C1O)[N+](=O)[O-])NCCCO,1
CCO[Si](C)(CCCOC1CC(NC(C1)(C)C)(C)C)OCC,1
C1=CC(=C(C=C1Br)Cl)F,1
C1=CC(=CC=C1N=C=O)Cl,1
CC1C2CC3CC1C(C(C2)C3=C)OC(=O)C,1
CC1C2CC3CC1C(C(C2)C3=C)O,1
CCCC1CCC(=O)CC1,1
C=CCCC1=CC=CC=C1,1
CCCCCCC1CC2CC1C=C2,1
CCC12COC(N1C(OC2)C(C)C)C(C)C,1
CC(C)C1C(COC2(O1)CCCC2)(C)C,1
C=CC(=O)OC1CC2CCC1C2,1
C=CCOC1CC2CC1C3C2CC=C3,1
C1=CC=C2C(=C1)C3=CC=CC=C3C2(C4=CC=C(C=C4)O)C5=CC=C(C=C5)O,1
C=CN1C2=CC=CC=C2C3=CC=CC=C31,1
CSC(=O)C1=C2C(=CC=C1)N=NS2,1
C=CCN(CC=C)C(=O)CCl,1
C1=CC=C(C(=C1)NC2=NC(=NC(=N2)Cl)Cl)Cl,1
C1=CC2=C(C(=C1)Cl)N(C(=O)S2)CC(=O)O,1
C1=CC=C(C=C1)COC(=O)C(CCBr)Br,1
CC(C)[Si](C(C)C)(OC)OC,1
C1CCN(CC1)C(=S)SSC(=S)N2CCCCC2,1
CC(C)(C1=CC=CC=C1)OOC(C)(C)C2=CC=CC=C2,1
CC(C)(C1=CC=C(C=C1)OCC2CO2)C3=CC=C(C=C3)OCC4CO4,1
C(C(CO)([N+](=O)[O-])Br)O,1
CCCC(=O)C1=C(C=C(C(=C1C)C2CC(=C(C(=O)C2)/C(=N\OCC)/CC)O)C)C,1
C1CC/C=C\CCCCCC/C=C\CCC1,1
C=CC(=O)OC1CCCCC1,1
C1CCC(=O)C1,1
C(C(Cl)(Cl)Cl)(O)O,1
C1=CC(=CC=C1OS(=O)(=O)C2=CC=C(C=C2)Cl)Cl,1
CCN(CC)C(=O)Cl,1
CC1=CCC(CC1)C(C)CC(C)(C)C2CCC(=CC2)C,1
CN(C)C(=O)Cl,1
C1=CC(=C(C=C1Cl)Cl)OCCOS(=O)(=O)O,1
CCOP(=S)(N1C(=O)C2=CC=CC=C2C1=O)OCC,1
CCCCCCCCCCCCOP(=O)(OC1=CC=CC=C1)OC2=CC=CC=C2,1
CCOC(=O)/C=C/C(=O)C1=CC=CC=C1,1
CCOC(=O)C(CC1=CC=CS1)C(=O)O,1
CCOC(=O)C(=C)C#N,1
CCOC(=O)C1CC(=CC(=O)C1)O,1
CCOC(=O)C(=C)C,1
CCOC(=O)C(C1=CC=CC=C1)(C2=CC=CC=C2)Cl,1
C(COC(=O)C(Cl)(Cl)Cl)OC(=O)C(Cl)(Cl)Cl,1
C#CC1CC1,1
CC(C(=O)O)OC1=CC(=C(C=C1Cl)Cl)Cl,1
CCN(CC1=C(C=CC=C1Cl)F)C2=C(C=C(C=C2[N+](=O)[O-])C(F)(F)F)[N+](=O)[O-],1
C1=CC2=C(C=C1F)C(=O)N(C(=N2)N3C=NC=N3)C4=C(C=C(C=C4)Cl)Cl,1
C(CCCN=C=O)CCN=C=O,1
CCCCCCOC(=O)C=C,1
CC(C)COC(=O)CC1CO1,1
CC1(CCCC(=C)C1C(=O)OC)C,1
CC(=O)/C(=C\C1=CC=CC=C1)/C(=O)OC,1
COC1=C(C=CC(=C1)C(=O)OC)CBr,1
COC(=O)C=C,1
COC(=O)CCl,1
CN=C=O,1
CC1=CC(=C(C)C)CCC1,1
CC1COCC(N1C(=O)C[N+]2=CC=C(C=C2)C3=CC=[N+](C=C3)CC(=O)N4C(COCC4C)C)C,1
C1COCCN1C(=O)Cl,1
C1=CC=C2C(=C1)C(=O)N(C2=O)SC(F)(Cl)Cl,1
CC(C)(C)C=NCCCCCCN,1
C=CC(=O)OCC(COC(=O)C=C)(COC(=O)C=C)COC(=O)C=C,1
C1=C(C=C(C2=C1C(=C(C=C2Cl)Cl)Cl)Cl)Cl,1
CC1=CC=C(C=C1)S(=O)(=O)O,1
C1=CC=C2C(=C1)C(=O)OC2=O,1
C1=CC(=CC(=C1)O)O,1
C/C=C(/C)\C(=O)O[C@H]1CC[C@]2([C@H]3[C@@]1(O[C@@]24C[C@]5([C@@H]6CN7C[C@H](CC[C@H]7[C@@]([C@]6([C@H](C[C@]5([C@@H]4CC3)O)O)O)(C)O)C)O)O)C,1
CCCN(CC)CC1COC2(O1)CCC(CC2)C(C)(C)C,1
C=CC1=CC=C(C=C1)S(=O)(=O)Cl,1
C1=CC(=CC=C1N)S(=O)(=O)O,1
C1CC(OC1CO)CO,1
CN(C)C(=S)SSC(=S)N(C)C,1
CC1([C@@H]([C@H]1C(=O)OCC2=C(C(=CC(=C2F)F)F)F)C=C(Cl)Cl)C,1
C1=CC(=C(C=C1Cl)O)OC2=C(C=C(C=C2)Cl)Cl,1
C([N+](=O)[O-])(Cl)(Cl)Cl,1
CCCCCCCCCCCCCN1CC(OC(C1)C)C,1
CCO[Si](CC(C)C)(OCC)OCC,1
C1=CC=C(C=C1)C(Cl)(Cl)Cl,1
C1=CC=C(C=C1)CCl,1
CC(=O)NC1=CC(=C(C=C1N=NC2=C(C=C(C=C2Cl)[N+](=O)[O-])[N+](=O)[O-])OC)N(CCOC(=O)C)CCOC(=O)C,0
CC1(COC(=O)C1O)C,0
C1=C(N=C(NC1=O)NC#N)O,0
CCCCCCCCC(CCCCCCCCC(=O)O)C(CCCCCCCC(=O)O)CC/C=C\CCCCC,0
CN1CC[C@@]23C=CC(=O)C[C@@H]2OC4=C3C(=C(C=C4OC)Br)C1,0
CC(=O)/C(=N\OC)/C1(OCC(CO1)(C)C)C,0
C(=C/Cl)\C(F)(F)F,0
CCOC(C)OC1CCCCCCCCCCC1,0
CC1=C(C=C(C=C1)C2OC[C@H]3[C@@H](O2)[C@H](OC(O3)C4=CC(=C(C=C4)C)C)[C@@H](CO)O)C,0
C/C(=C(/O)\[C@H](O)[C@@H](O)[C@H](O)[C@H](O)/C(=C(/C1=CC=CC=C1)\C)/O)/C2=CC=CC=C2,0
CC1=CC=C(C=C1)C2CCC(CC2)C3CCC(CC3)C=C,0
CCCC1CCC(CC1)C2CCC(CC2)C3=CC=C(C=C3)C,0
CCCC1CCC(CC1)C2CCC(CC2)C=C,1
CCCC1CCC(CC1)C2CCC(CC2)OC,1
CCCC1CCC(CC1)C2CCC(CC2)C(=O)O,0
C[Si](C)([C@H]1CC=C([C@@H]1C(=O)O[C@](C2=CC=C(C=C2)[N+](=O)[O-])([C@@H](CO)N)O)CO)C3=CC=CC=C3,0
O=CC1CCC2C3CCC(C3)C12,0
C[C@@H]1CC[C@H]([C@@H](C1)C(=O)NCCC2=CC=CC=N2)C(C)C,0
C[C@@H]1CC[C@H]([C@@H](C1)C(=O)NC2=CC=C(C=C2)OC)C(C)C,0
CCCC1CCC(CC1)C2CCC(CC2)C3=C(C(=C(C=C3)OCCC)F)F,0
CCCCC1CCC(CC1)C2CCC(CC2)C3=C(C(=C(C=C3)OCC)F)F,0
CC(C)(C)C1CCC(CC1)O,0
C1CC(CCC1C(=O)N(CCO)CCO)C(=O)N(CCO)CCO,0
C[C@@H](C1=C(C=CC(=C1Cl)F)Cl)O,0
C[C@]12CC[C@H]3[C@H]([C@@H]1C[C@@H]([C@@H]2O)N4CCCC4)CC[C@@H]5[C@@]3(C[C@@H]6[C@H](C5)O6)C,0
C[C@]12CC[C@H]3[C@H]([C@@H]1C[C@@H](C2=O)N4CCCC4)CC[C@@H]5[C@@]3(C[C@@H]6[C@H](C5)O6)C,0
C([C@@H]1[C@@H]2[C@@H]([C@H]([C@H](O1)O[C@@H]3[C@H](O[C@@H]([C@@H]([C@H]3O)O)O[C@@H]4[C@H](O[C@@H]([C@@H]([C@H]4O)O)O[C@@H]5[C@H](O[C@@H]([C@@H]([C@H]5O)O)O[C@@H]6[C@H](O[C@@H]([C@@H]([C@H]6O)O)O[C@@H]7[C@H](O[C@H](O2)[C@@H]([C@H]7O)O)CO)CO)CO)CO)CO)O)O)O,0
CC1=CC=C(C=C1)C2CCC(CC2)C3CCC(CC3)CCC=C,0
C[C@@H]1C[C@H](CC([C@@]1(C#C/C(=C/CO)/C)O)(C)C)O,0
C1CC(=O)[C@@H]2OC[C@H]1O2,0
CC1(OCC(O1)CO)C,0
CC(C)(C1=CC=CC=C1)C(C)(C)C2=CC=CC=C2,0
C1=CC(=C(C=C1Cl)Cl)CO,0
CC1=CC2=C(CC(C2)(C)CO)C=C1,0
C1=C(N=C(S1)N)CC(=O)O,0
CCO[Si](C)(CCl)OCC,0
COC(/C=C\C(OC)OC)OC,0
CC1=CC=C(C=C1)/C=C(\C)/CO,0
C/C(=C\C#N)/CCC1=CC=CC=C1,0
CCOC(=O)C(C)OC(=O)C1=C(C=CC(=C1)OC2=C(C=C(C=C2)C(F)(F)F)Cl)[N+](=O)[O-],0
B(C1=C(C(=CC=C1)OC)F)(O)O,0
C1=CC=C(C(=C1)[C@H](C(=O)O)O)Cl,0
CC(CCCC1CCCCC1)CO,0
C1CC2=C(C=CC(=C2)F)OC1C3CO3,0
[C@@H]([C@H](C(=O)O)O)(C(=O)O)O,0
CN(C)C[C@@H]([C@H]([C@@H]([C@@H](CO)O)O)O)O,0
CC1(OC[C@](O1)(COCC2=CC=CC=C2)[C@H]([C@@H]([C@H](C(=O)N3CCN(CC3)C)OCC4=CC=CC=C4)OCC5=CC=CC=C5)OCC6=CC=CC=C6)C,0
CCC[C@@H]1CC[C@H](OC1)C2=CC=C(C=C2)C3=CC(=C(C(=C3)F)C(OC4=CC(=C(C(=C4)F)F)F)(F)F)F,0
C[C@@H](C(=O)OC(C)C)OC(=O)C(C)(C)C,0
C[C@]([C@H]1C[C@@]23CC[C@@]1([C@H]4[C@@]25CCN([C@@H]3CC6=C5C(=C(C=C6)OC)O4)CC7CC7)OC)(C(C)(C)C)O,0
CC(C)(C)OC(=O)N[C@H](C(=O)O)C12CC3CC(C1)CC(C3)(C2)O,0
C1=CC=C(C=C1)OC2=CC=CC(=C2)[C@@H](C#N)O,0
CCS[C@H]1[C@@H]([C@H]([C@H]([C@H](O1)COC(=O)C2=CC=CC=C2)OC(=O)C3=CC=CC=C3)O[C@@H](CC4CCCCC4)C(=O)OCC5=CC=CC=C5)OC(=O)C6=CC=CC=C6,0
CC(C)(C)C1=CC(=C(C=C1)OC)CN[C@@H]2[C@@H](N3CCC2CC3)C(C4=CC=CC=C4)C5=CC=CC=C5,0
CC1=CN2[C@@H]3[C@H]([C@H]([C@@H](O3)CO)O)OC2=NC1=O,0
CCCCCCCCCCCCCC[C@H]([C@H]([C@H](CO)N)O)O,0
C1[C@@H](CN[C@@H]1C(=O)O)SC2=CC=CC=C2,0
CCC/C=C(\C#N)/C1=CC=CC=C1,0
CC(C)(C)OOC(=O)/C=C\C(=O)O,0
CC(C(C)(C)C)NCCCCCCNC(C)C(C)(C)C,1
CC1(CCCC2(C1CCC3(C2CCO3)C)C)C,0
C[C@]12CC[C@H]3[C@H]([C@@H]1C[C@@H]([C@@H]2O)N4CCCC4)CC[C@@H]5[C@@]3(C[C@@H]([C@H](C5)O)N6CCOCC6)C,0
C[C@@H]1CC[C@]23CCC(=O)[C@@H]2[C@]1([C@H](C[C@]([C@@H]([C@H]3C)O)(C)C=C)OC(=O)COS(=O)(=O)C)C,0
CO[C@@H]1[C@H]2CC(=O)O[C@H]2CO1,0
COC1=CC(=C(C=C1)C(=O)C2=C(C(=CC=C2)Cl)F)OC,0
CCO[Si](C)(CCCCl)OCC,1
CCO[Si](CCCCl)(OCC)OCC,0
C1C/C(=C\O)/C(=C(C1)C=O)Cl,0
CCCCCC/C=C/C(=O)C,1
C1CC=CCCC=CCCC(=O)C1,0
CN1[C@@H]2CC[C@H]1CC(C2)OS(=O)(=O)C,0
B(C1=C(C=C(C=C1)C2=CC=C(C=C2)CCC)F)(O)O,0
COC1=C(C=CC(=C1)C(=O)O[C@@H]2CO[C@H]3[C@@H]2OC[C@H]3OC(=O)C4=CC(=C(C=C4)OC(=O)C5=CC=C(C=C5)OC(=O)C=C)OC)OC(=O)C6=CC=C(C=C6)OC(=O)C=C,0
C1[C@H]([C@@H]2[C@H](O1)[C@H](CO2)OC(=O)C3=CC=C(C=C3)O)OC(=O)C4=CC=C(C=C4)O,0
C1CO[C@H]2[C@@H]1[C@H](CO2)O,0
C(C(C(F)(F)F)F)(C(C(F)(F)F)(F)F)F,0
C(C(C(=O)CO)O)O,0
C[C@@H](CCCC(C)C)CCO,1
C1COC[C@H]1OC2=CC=C(C=C2)C(=O)C3=C(C=CC(=C3)I)Cl,0
C[C@H]1C2=C(C=CC(=C2)F)C(=O)O1,0
C1COC[C@H]1O,0
CC(C)[C@@H]1C[C@H](OC1=O)[C@H](C[C@H](CC2=CC(=C(C=C2)OC)OCCCOC)C(C)C)N=[N+]=[N-],0
CC/C=C\CCOC(=O)OC,0
B(C1=C(C(=C(C=C1)Cl)OC)F)(O)O,0
C/C/1=C/CCCCCCCCCCCCC1=O,0
CC1=CC=C(C=C1)/C=C(\C)/CCC=O,1
CC(C)CCCC(=CCCC=O)C,1
CC(C/C(=C/C1CCCCC1)/C)C=O,0
CCC/C(=N/O[Si](O/N=C(/CCC)\C)(O/N=C(/CCC)\C)C)/C,0
CC(C/C(=N/O[Si](O/N=C(/CC(C)C)\C)(O/N=C(/CC(C)C)\C)C=C)/C)C,0
CCC/C(=N/O[Si](O/N=C(/CCC)\C)(O/N=C(/CCC)\C)C=C)/C,0
B(C1=CC=C(C=C1)CC)(O)O,0
CC1=CC=C(C=C1)C(=O)C2=CC=CC=C2,0
C[C@@H]1C[C@H](CC(C1=O)(C)C)O,0
CCN(CC)C1=CC=C(C=C1)C=C2C(=NN(C2=O)C3=CC=CC=C3)OCC,0
CC/C=C\CC(C)OC(=O)C1=CC=CC=C1O,0
CCC1(COCOC1)CO,0
CCC1(COC(OC1)(C)C)CO,0
CC(C)/C=C\1/C(=O)NC(=O)N1,0
C1=CC=C(C=C1)/C=C\2/C(=O)NC(=O)N2,0
C1CCCCCCC=CC(=O)CCCCCC1,1
B(C1=CC2=C(C=C1)C=C(C=C2)O)(O)O,0
COCC1=C(N2[C@@H]([C@@H](C2=O)N)SC1)C(=O)O,0
COC1=CC2=C(C=CC=C2CC#N)C=C1,0
CC(C)O[Si](C)(OC(=O)C)OC(=O)C,0
CCCCCCCCCCCC(=O)NCCC[N+](C)(C)CC(=O)[O-],0
CO[Si](C)(C)CCl,0
CNC(=O)ON=C(C)SC,0
CCCCC/C=C/CCC=O,0
CSC,0
CCC(C)(CCC(C)C)C(=O)OCC1CO1,0
CC1=CC[C@@H](C1(C)C)CC=O,1
C[C@H](CC1=CC(=C(C=C1)OC)S(=O)(=O)N)N,0
C[C@@H](CCC=C(C)C)CCOC(=O)C,1
C1C[C@H](NC1)C(=O)N,0
CC(=O)O/N=C(/C1=CSC(=N1)N)\C(=O)SC2=NC3=CC=CC=C3S2,0
CC/C=C\CCOC(=O)C/C=C\CC,0
CC/C=C\CCOC(=O)C,0
CCCCCCCC/C=C\CCCCCCCC(=O)NCCOCCO,1
CC/C=C\CC1CCCC(=O)O1,0
C1CSC(=N1)NC#N,0
CC1(C(CC2C1(C2)C)CC3CC3(C)CO)C,0
COC1=CC=CC=C1NCS(=O)(=O)O,0
CC1=C(C=C(C=C1)[C@H]2[C@@H]([C@H]([C@@H]([C@H](O2)COC(=O)C)OC(=O)C)OC(=O)C)OC(=O)C)CC3=CC=C(S3)C4=CC=C(C=C4)F,0
CCOC1=CC=C(C=C1)CC2=C(C=CC(=C2)[C@H]3[C@@H]([C@H]([C@@H]([C@H](O3)COC(=O)C)OC(=O)C)OC(=O)C)OC(=O)C)Cl,0
C1[C@@H](O[C@@](O1)(CBr)C2=C(C=C(C=C2)Cl)Cl)COC(=O)C3=CC=CC=C3,0
CC1=CN(C(=O)NC1=O)[C@@H]2C[C@H]([C@@H](O2)COC(=O)C)OC(=O)C,0
CC1=CC=C(C=C1)S(=O)(=O)OC[C@@H]2[C@@H]3[C@H]([C@@H](O2)OC)OC(O3)(C)C,0
C[C@]12CC[C@@H]([C@@]([C@@H]1C[C@@H]([C@@]3([C@@H]2[C@H](C4=C(O3)C=C(OC4=O)C5=CN=CC=C5)O)C)O)(C)COC(=O)C6CC6)OC(=O)C7CC7,0
CCCCCCCCC(CCCCCC)C(=O)OCC(=O)NC1=CC=C(C=C1)C2=NN3C(=N2)C(=C(N3)C(C)(C)C)Cl,0
C1=CC2=C(C=CC(=C2N=C1)OCC(=O)O)Cl,0
C1=CC(=NC=C1CNCC(F)F)Cl,0
O[S](=O)(=O)c1ccccc1N=C2C=CC(C=C2)=C(c3ccc(Nc4ccccc4)cc3)c5ccc(Nc6ccccc6)cc5,0
C(COCO)OCO,1
CC(=CC1C(C1(C)C)C(=O)OCN2C(=O)CN(C2=O)CC#C)C,0
CC(C)CC1(OCC(O1)CO)C,0
CCCNP(=S)(N)N,0
C=COCCOCCOC=C,0
CC(CCl)OP(=O)(OCC(COP(=O)(OC(C)CCl)OC(C)CCl)(CCl)CCl)OC(C)CCl,0
CC(=O)C1=C(C=C(C=C1)Cl)Cl,0
C1(C(=O)NC(=O)N1)NC(=O)N,0
CCCCOCC(C)OCC(C)O,0
CCC(CC)CC1(CCCCC1)C(=O)O,0
CCC(CC)CC1(CCCCC1)C(=O)Cl,0
CCCCCCCCCCCCCCCCCC(=O)OC1CC(N(C(C1)(C)C)OCC(C)(C)O)(C)C,0
C=CCCC(=O)CC1CC2CCC1C2,1
CC(=O)C1=CC(=C(C=C1)O)Cl,0
C1=CC(=C(N=C1)N2C(=CC(=N2)CN3N=C(N=N3)C(F)(F)F)C(=O)O)Cl,0
CC(C1CC1)C(C2=CC=C(C=C2)Cl)O,0
CC1=CC(=C(C(=C1/C=C/C(=O)C)C)C)OC,0
COC1=CC=C(C=C1)C(=O)CSC2=CC=CC(=C2)OC,0
CC1(CCC=C(C1)C(=O)CCC=C)C,0
CCCCOCOCCCC,0
COC1=CC=C(C=C1)CC2CC2,0
CCCCCCCCP(=O)(CCCCCCCC)CCCCCCCC,1
C1CN(CCN1)C(C2=CC=CC=C2)C3=CC=CC=C3,0
CCCCCCCCCCCCCCCCCCOCCCCCCCCCCCCCCCCCC,0
C1=CC2=[N+](C(=C(C(=O)N2C=C1)C3=CC(=CC=C3)C(F)(F)F)[O-])CC4=CN=CN=C4,0
C1CCC(=O)N(CC1)C(=O)C2=CC(=CC=C2)C(=O)N3CCCCCC3=O,0
CC1=C(C=C(C=C1)N2C(=O)C=CC2=O)N3C(=O)C=CC3=O,0
CCC(C(C(C(C(C(F)(F)F)(F)F)(F)F)(F)F)(F)F)(F)F,0
C(=C(F)F)(OC(C(C(F)(F)F)(OC(C(C(F)(F)F)(F)F)(F)F)F)(F)F)F,0
C(=C(F)F)(OC(C(C(F)(F)F)(F)F)(F)F)F,0
COC(C(C(F)(F)F)(C(F)(F)F)F)(C(C(F)(F)F)(F)F)F,0
C(=O)(C(C(F)(F)F)(C(F)(F)F)F)C(C(F)(F)F)(F)F,0
CC(CC(Cl)(Cl)Cl)(Cl)Cl,1
C(=O)(C(C(F)(F)F)(C(F)(F)F)F)C(F)(F)F,0
C[Si](O[Si](C)(C)C)O[Si](C)(C)C,0
CN(CCO)S(=O)(=O)C(C(C(C(F)(F)F)(F)F)(F)F)(F)F,0
C(CO)N(CCO)S(=O)(=O)C(C(C(C(F)(F)F)(F)F)(F)F)(F)F,0
CNS(=O)(=O)C(C(C(C(F)(F)F)(F)F)(F)F)(F)F,0
C1(C(C(C(C1(F)F)(F)F)(F)F)(F)F)(C(F)(F)F)F,0
C1(C(C(C(C(C1(F)F)(F)F)(F)F)(C(F)(F)F)F)(F)F)(C(F)(F)F)F,0
C(=C(F)F)(OC(C(C(OC(F)(F)F)(F)F)(F)F)(F)F)F,0
C(C(F)(F)F)OC(C(F)F)(F)F,0
CC1=[N+](C2=C(C1(C)C)C3=CC=CC=C3C=C2)CCCCS(=O)(=O)[O-],0
C[Si](C)O[Si](C)C,0
C[Si](C)(C)O[Si](C1=CC=CC=C1)(O[Si](C)(C)C)O[Si](C)(C)C,0
C1=CC=C(C=C1)C2=NC(=NC(=N2)C3=C(C=C(C=C3)OCCOC(=O)CCCCCCCCCCC(=O)OCCOC4=CC(=C(C=C4)C5=NC(=NC(=N5)C6=CC=CC=C6)C7=CC=CC=C7)O)O)C8=CC=CC=C8,0
C1=CC(=CC=C1CCC2=CC=C(C=C2)[N+](=O)[O-])[N+](=O)[O-],0
CC(C)(C1=CC(=C(C(=C1)Br)OCC(CBr)Br)Br)C2=CC(=C(C(=C2)Br)OCC(CBr)Br)Br,0
C1=CC=C2C(=C1)C(=O)C3=C(C2=O)C4=C(C=C3)C5=CC6=C(C=C5N4)C(=O)C7=C8C6=C(C(=C9C8=C(C=C7)C1=C(N9Cl)C2=C(C=C1)C(=O)C1=CC=CC=C1C2=O)Cl)Cl,0
CCCCC(CC)COC(=O)CC(CC(=O)OCC(CC)CCCC)(C(=O)OCC(CC)CCCC)OC(=O)C,0
CCCCC(CC)COC(=O)C1=C(C(=C(C(=C1Br)Br)Br)Br)C(=O)OCC(CC)CCCC,0
CCCCCC(CCC)COC(=O)C1=CC=CC=C1C(=O)OCC(CCC)CCCCC,0
FC(F)(F)c1ccc(Cl)c(Cl)c1,1
CCc1ccccc1CC,1
COC1=CC=CC=C1OC,0
C[Si](C)(O[Si](C)(C1=CC=CC=C1)C2=CC=CC=C2)O[Si](C)(C3=CC=CC=C3)C4=CC=CC=C4,0
CC(C)C1=CC(=C(C(=C1[N+](=O)[O-])C(C)C)[N+](=O)[O-])C(C)C,0
CC(C)(C)C1=CC(=CC(=C1O)C(C)(C)C)CN2C(=O)N(C(=O)N(C2=O)CC3=CC(=C(C(=C3)C(C)(C)C)O)C(C)(C)C)CC4=CC(=C(C(=C4)C(C)(C)C)O)C(C)(C)C,0
CCCCC(CC)COC(=O)C(=CC1=CC(=C(C(=C1)OC)O)OC)C(=O)OCC(CC)CCCC,0
CC(=C)C(=O)OCCC[Si](C)(C)O[Si](C)(C)CCCOC(=O)C(=C)C,0
CCCCCCCCCCCCCCCCCC(=O)OCC(COC(=O)CCCCCCCCCCCCCCCCC)OC(=O)CCCCCCCCCCCCCCCCC,0
CN(C)CCCNC(=O)NCCCN(C)C,0
CCCCNC(=S)NCCCC,0
C1=CC(=C(C(=C1)Cl)C(Cl)Cl)Cl,0
CCOC(=O)C(=CC1=CC=C(C=C1)C=C(C(=O)OCC)C(=O)OCC)C(=O)OCC,0
CCNC(=S)NCC,0
CCCCCCCC(=O)OCC(CO)O,0
COC1C2=CC=CC=C2C(O1)OC,0
COC(=O)C(CCN1C=NC2=C1N=C(N=C2Cl)N)C(=O)OC,0
COC(=O)C1=CC(=CC=C1)C(=O)OC,0
C1COC(=O)O1,0
C1=CC=C(C=C1)NC(=S)NC2=CC=CC=C2,0
CCCCC1=CC=C(C=C1)NC2=C3C(=C(C=C2)NC4=CC=C(C=C4)CCCC)C(=O)C5=C(C=CC(=C5C3=O)NC6=CC=C(C=C6)CCCC)NC7=CC=C(C=C7)CCCC,0
CC(=CCC/C(=C/C=C/[C@@](C)(C=C)O)/C)C,1
C1CCC(=O)OCCOCCOC(=O)C1,0
C1[C@H]([C@@H]2[C@H](O1)[C@H](CO2)O)O,0
CC1=CC(=C(C(=C1)C)NC2=C3C(=C(C=C2)NC4=C(C=C(C=C4C)C)C)C(=O)C5=CC=CC=C5C3=O)C,0
CCCCC(CC)CNC1=C2C(=C(C=C1)NCC(CC)CCCC)C(=O)C3=C(C=CC(=C3C2=O)O)O,0
C1=CC=C(C=C1)OC2=C(C3=C(C(=C2OC4=CC=CC=C4)N)C(=O)C5=CC=CC=C5C3=O)N,0
CCOC(=O)CC(CC(=O)C)C(=O)OCC,0
CCOC(=O)CC(C(=O)C)C(=O)OCC,0
CCOC(=O)CCC(=O)OCC,0
CC1(CC(CC(N1O)(C)C)O)C,0
COC1=CC(=C(C=C1)OC)[N+](=O)[O-],0
COC1=CC=C(C=C1)OC,0
COC(=O)C1CC(=O)C(CC1=O)C(=O)OC,0
COC(=O)C1=CC(=C(C=C1)C(=O)OC)N,0
CC1=CN(N=C1)C,0
C1CCCCCC(=O)OCCOC(=O)CCCCC1,0
C1C(SCC(S1)O)O,0
C1OS(=O)(=O)CS(=O)(=O)O1,0
COC(=O)CCCC(=O)OC,0
CCCCOCCOC(=O)CCCCC(=O)OCCOCCCC,0
COC1=C(C=CC(=C1)CCC(=O)CC(=O)CCC2=CC(=C(C=C2)O)OC)O,0
C1=CC=C(C=C1)SC2=CC=CC3=C2C(=O)C4=C(C3=O)C=CC=C4SC5=CC=CC=C5,0
C[C@@H]1CC[C@H]([C@@H](C1)OC(=O)OCC(C)O)C(C)C,0
CCCCCCCCCCCCCCOC(=O)OOC(=O)OCCCCCCCCCCCCCC,0
CCCC(CCC1C(CCC(C1(C)C)C)C)O,0
C1=CC=C2C(=C1)C=CC(=C2N=NC3=C(C=C(C=C3)[N+](=O)[O-])Cl)O,0
CCC(COC1CCCCC1C(C)(C)C)O,0
CCOCCCC(C)OCCOCC(C)CO,0
CCCCOCCOCCOCCCC,0
CC(COCC(C)OC(=O)C1=CC=CC=C1)OC(=O)C2=CC=CC=C2,0
CC(=O)C1=C(C=C(C=C1)OC2=CC=C(C=C2)Cl)Cl,0
CN(C)C(=O)NC1=CC=C(C=C1)CC2=CC=C(C=C2)NC(=O)N(C)C,0
CC1=C(N(C2=C1C=C(C=C2)OCC3=CC=CC=C3)CC4=CC=C(C=C4)OCCN5CCCCCC5)C6=CC=C(C=C6)OCC7=CC=CC=C7,0
CC(C(=O)C1=CC=C(C=C1)OCC2=CC=CC=C2)Br,0
C1CN(CCN1)C(C2=CC=C(C=C2)F)C3=CC=C(C=C3)F,0
C1=CC=C(C(=C1)C2C(O2)(CN3C=NC=N3)C4=CC=C(C=C4)F)Cl,0
CCCC1COC(Cn2cncn2)(O1)c1ccc(Cl)cc1Cl,0
CCCCCCCC(=O)SCCC[Si](OCC)(OCC)OCC,0
C1CO[Si]2(OCCN1CCO2)CCCSSCCC[Si]34OCCN(CCO3)CCO4,0
CC(=O)C1=C(C=C(C(=C1)CC2=C(C(=CC=C2)Cl)F)OC)OC,0
CC1=C(C=C(C=C1)NC(=O)N(C)C)NC(=O)N(C)C,0
C1CN(CCN1)C2=NC3=CC=CC=C3SC4=C(C=CC=C42)CCCl,0
COC1=CC2=CC=CC=C2NC3=CC=CC=C31,0
CCCCCCCNCCCCCCCCCCC(=O)O,0
C(CO)COCC(COCCCO)(COCCCO)COCCCO,0
CCCCCCCC/C=C\CCCCCCCCCCCC(=O)NCCCN(C)C,0
C1C2(COC3=CC=CC=C3N=C=NC4=CC=CC=C4O1)COC5=CC=CC=C5N=C=NC6=CC=CC=C6OC2,0
C1=CC2=C3C(=C1)C4=NC5=CC=CC6=C5C(=CC=C6)N4C(=O)C3=CC=C2,0
CC1=CC2=C(C=C1)N3C(=N2)C4=C5C(=CC=C6C5=C(C=C4)C(=O)N(C6=O)CCCOC)C3=O,0
CC(=O)N1CCCCCC1=O,0
CNC(=S)NN,0
Cc1ccccc1Cc2ccccc2,1
C1CN(CCC1NC2=CC=CC=C2)CC3=CC=CC=C3,0
CC(CCl)CBr,0
CCCCOC1=C(C(=C(C=C1)C2CCC(CC2)CCC)F)F,0
CCCCOC1=C(C(=C(C=C1)C2=CCC(CC2)C3CCC(CC3)CC)F)F,0
CCCCN1CCCC1=O,0
C1=CC=C(C(=C1)C(Cl)(Cl)Cl)Cl,1
CC1=C(C(=CC=C1)Cl)C,0
COC1=CC(=C(C=C1[N+](=O)[O-])OC)Cl,0
Cc1ccccc1Cl,0
C1=CC(=CC(=C1)Cl)C(F)(F)F,0
CCCCCCCCCCCCCCCCCCCl,1
CCCCCCCCC(C)CCCCCCCCC=C,0
COC1=NC(=NC(=N1)C2=C(N(C3=C2C=CC=C3F)S(=O)(=O)C(F)F)O)OC,0
CCCC1CCC(CC1)C2=C(C(=C(C=C2)OCC)F)F,0
CCCCCC1CCC(CC1)C2CCC(CC2)C3=C(C(=C(C=C3)OCC)F)F,0
CCCC1CCC(CC1)C2CCC(CC2)C3=C(C(=C(C=C3)OCC)F)F,0
CCCC1CCC(CC1)C2CCC(=CC2)C3=C(C(=C(C=C3)OCC)F)F,0
CCOC1=C(C(=CC=C1)F)F,0
C1=CC2=C3C(=C1)C4=C5C(=CC=C6C5=C(C=C4)C(=O)NC6=O)C3=CC=C2,0
C1=CC(=O)N(C=C1)O,0
CCC(C)(C)OOC1(CCCCC1)OC,0
C/C=C/C1=CC=C(C=C1)OC,0
CC(C)(C)CCCCCC(=O)OOC(C)(C)c1ccccc1,0
CN=C(N)N[N+](=O)[O-],0
C1CCCCCCCOC(=O)CCCCCC1,0
CCCCCCCCCCCCCCCC(=O)N1C[C@@H](C[C@H]1C(=O)O)OC(=O)CCCCCCCCCCCCCCC,0
C1=CC=C(C(=C1)C(=O)O)NC(=O)CCC2=CC=C(C=C2)O,0
C(CN(CC#N)CC#N)CN(CC#N)CC#N,0
C1C2=CC=CC=C2C(=NC3=CC=CC=C31)CN4C(=O)C5=CC=CC=C5C4=O,0
C1=C(C(=CC(=C1F)F)F)CC(=O)O,0
CCCCC(CC)C(=O)OCCOCCOCCOC(=O)C(CC)CCCC,0
C=CC(=O)OCCOCCOCCOCCOC(=O)C=C,1
CC(C)(C1=NC(=C(C(=O)N1C)O)C(=O)NCC2=CC=C(C=C2)F)N,0
CCCCOCCOCCOC(=O)C(=C)C,0
CCCCOCCOCCOCc1cc2OCOc2cc1CCC,0
CC1=CC(=C(C(=C1)N2N=C3C=CC=CC3=N2)O)CC(C)C[Si](C)(O[Si](C)(C)C)O[Si](C)(C)C,0
CC(C)(C)CC(C)(C)C1=CC(=C(C(=C1)N2N=C3C=CC=CC3=N2)O)C(C)(C)C4=CC=CC=C4,0
CC(=C)C(=O)OCCN1CCNC1=O,0
C=CC(=O)OCCOC1=CC=CC=C1C2=CC=CC=C2,0
CC1=CC(=CC(=C1O)C)C2C3=C(C(=CC(=C3)C(C)(C)C)C(C)(C)C)OC2=O,0
CCCCCCOC1=CC(=C(C=C1)C2=NC(=NC(=N2)C3=CC=CC=C3)C4=CC=CC=C4)O,0
CC(C)(C1=CC=C(C=C1)C#CCCN2CCC(CC2)C(C3=CC=CC=C3)(C4=CC=CC=C4)O)C(=O)O,0
CC(C)(C1=CC=C(C=C1)C(=O)CCCN2CCC(CC2)C(C3=CC=CC=C3)(C4=CC=CC=C4)O)C(=O)O,0
CCCCC(Cn1cncn1)(C#N)c1ccc(Cl)cc1,0
CC(C1CC1)C(CN2C=NC=N2)(C3=CC=C(C=C3)Cl)O,0
CC1=C(C=C(C=C1)I)CC2=CC=C(S2)C3=CC=C(C=C3)F,0
CC(C)CC(C)C1=CC=CC=C1N,0
CC1=CC(=C(C(=C1CC#N)C)O)C(C)(C)C,0
CCC1=C2C(=CC=C1)C(=CN2)CCO,0
C1=CC=C(C=C1)C(=O)OCCOC(=O)C2=CC=CC=C2,0
CC1=NC(=NC2=CC=CC=C12)CCl,0
CCC(CC1=CC=C(C=C1)C)(C(=O)C2=CC=C(C=C2)N3CCOCC3)N(C)C,0
C1=CC=C2C=C(C=CC2=C1)S(=O)(=O)NC3=CC=CC=C3C(=O)O,0
CN(CCOC(=O)C=C)S(=O)(=O)C(C(C(C(F)(F)F)(F)F)(F)F)(F)F,0
C1=CC=C(C(=C1)C(F)(F)F)N,1
C1=CC=C(C(=C1)C(F)(F)F)S(=O)(=O)N,0
C1=CC=C(C(=C1)C(F)(F)F)S(=O)(=O)N=C=O,0
C=CCCCCCCCCC(=O)NCC(=O)O,0
C1N(CN(CN1CCO)CCO)CCO,0
CC(CO)OCC(C)OCC(C)OCCN(CCOCC(C)OCC(C)OCC(C)O)CCOCC(C)OCC(C)OCC(C)O,0
C1C2CN(CC1C3=CC4=NC=CN=C4C=C23)C(=O)C(F)(F)F,0
CC(=C)C(=O)OCC(F)(F)F,0
C1(C(OC(C(N1C(F)(F)F)(F)F)(F)F)(F)F)(F)F,0
C[Si](C)(C)O[Si](C)(C)O[Si](C)(C)O[Si](C)(C)O[Si](C)(C)O[Si](C)(C)C,0
C[Si](C)(C)O[Si](C)(C)O[Si](C)(C)O[Si](C)(C)C,0
C[Si](C)(C)O[Si](C)(C)O[Si](C)(C)C,0
CCCCCCCC[Si](C)(O[Si](C)(C)C)O[Si](C)(C)C,0
CCCCCC1(CCC(C1=O)(C)C)C,0
CC1=CC(=C(C=C1)NC(=O)C(C(=O)C)N=NC2=C(C=C(C(=C2)Cl)C3=CC(=C(C=C3Cl)N=NC(C(=O)C)C(=O)NC4=C(C=C(C=C4)C)C)Cl)Cl)C,0
CC(=O)C(C(=O)NC1=CC=C(C=C1)OC)N=NC2=C(C=C(C=C2)C3=CC(=C(C=C3)N=NC(C(=O)C)C(=O)NC4=CC=C(C=C4)OC)Cl)Cl,0
CC1=CC(=C(C=C1)NC(=O)C(C(=O)C)N=NC2=C(C=C(C=C2)C3=CC(=C(C=C3)N=NC(C(=O)C)C(=O)NC4=C(C=C(C=C4)C)C)Cl)Cl)C,0
CC(=O)C(C(=O)NC1=CC(=C(C=C1OC)Cl)OC)N=NC2=C(C=C(C=C2)C3=CC(=C(C=C3)N=NC(C(=O)C)C(=O)NC4=CC(=C(C=C4OC)Cl)OC)Cl)Cl,0
CCOC1=CC=C(C=C1)NC(=O)C(C(=O)C)N=NC2=C(C=C(C=C2)C3=CC(=C(C=C3)N=NC(C(=O)C)C(=O)NC4=CC=C(C=C4)OCC)Cl)Cl,0
CC1=CC=C(C=C1)NC(=O)C(C(=O)C)N=NC2=C(C=C(C=C2)C3=CC(=C(C=C3)N=NC(C(=O)C)C(=O)NC4=CC=C(C=C4)C)Cl)Cl,0
CC(=O)C(C(=O)NC1=CC=CC=C1)N=NC2=C(C=C(C=C2)C3=CC(=C(C=C3)N=NC(C(=O)C)C(=O)NC4=CC=CC=C4)OC)OC,0
CC(=O)C(C(=O)NC1=CC2=C(C=C1)NC(=O)N2)N=NC3=CC=CC=C3OCCOC4=CC=CC=C4N=NC(C(=O)C)C(=O)NC5=CC6=C(C=C5)NC(=O)N6,0
CCN1C2=C(C3=CC=CC=C31)C4=C(C=C2)N=C5C(=C(C6=NC7=C(C8=C(C=C7)N(C9=CC=CC=C98)CC)OC6=C5Cl)Cl)O4,0
CCC(COC(=O)CCS)(COC(=O)CCS)COC(=O)CCS,0
C(CCl)OP(=O)(OCCCl)OCC(COP(=O)(OCCCl)OCCCl)(CCl)CCl,0
C=CCOCC(CO)(CO)CO,0
C1=CC(=CC=C1NC(=S)NC2=CC=C(C=C2)S(=O)(=O)N)F,0
CCC(C)(OOC(C)(C)C)OOC(C)(C)C,0
CCCCCCCCCC(=O)OCC(CC)(COC(=O)CCCCCCC)COC(=O)CCCCCCC,0
CCC(CO)(COCC=C)COCC=C,0
CCC(C)(C#N)N=NC(C)(CC)C#N,0
CC1(N(CC(O1)C2=CC=CO2)C(=O)C(Cl)Cl)C,0
CC(=O)OCC(F)F,0
CCCCCCCCCCCC(=O)OCC(C)(C)C=O,0
C1C=CCC2C1C(=O)NC2=O,0
C1CC2=C(CC1=O)C3=CC=CC=C3N2,0
CCCC1CCC(CC1)C2CCC(CC2)C3=C(C(=C(C=C3)OC)F)F,0
C1C2=CC=CC=C2OC1=O,1
CC(=C)CC(C)(C)C,0
CC(C)(C)CCCCC1(OO1)C(=O)OC(C)(C)CC(C)(C)C,1
C[Si]1O[Si](O[Si](O[Si](O[Si](O1)C)C)C)C,0
C[Si]1O[Si](O[Si](O[Si](O1)C)C)C,0
CC1OC(C)OC(C)OC(C)O1,0
CC(C)C1OCC(CO1)C(=O)NC2=C(C(=C(C(=C2I)C(=O)Cl)I)C(=O)Cl)I,0
C[Si]1(O[Si](O[Si](O1)(C)CCC(F)(F)F)(C)CCC(F)(F)F)CCC(F)(F)F,0
CC(C)C1=CC(=C(C(=C1N)C(C)C)N)C(C)C,0
CC(C)(C)C1=CC(=C(C(=C1)C(C)(C)C)O)C(C)(C)C,0
CC(C)CC(C)(C#CC(C)(CC(C)C)O)O,0
CC(C)(C)C1=CC2=C(C(=C1)C(C)(C)C)OP(=O)(OC3=C(C2)C=C(C=C3C(C)(C)C)C(C)(C)C)O,0
C1C2(COS(=O)(=O)O1)COS(=O)(=O)OC2,0
C1C2C3=CC=CC=C3CC4=CC=CC=C4N2C(=N1)N,0
C1=CC(=C(C=C1Cl)Cl)CCl,0
C1=C(C(=C(C(=C1[N+](=O)[O-])Cl)[N+](=O)[O-])Cl)C(F)(F)F,1
C1=CNC2=C1C(=NC(=N2)Cl)Cl,0
C1=CC(=C(C=C1Cl)Cl)N,0
C1=CC(=C(C=C1O)O)C(=O)O,0
CC(C)(CO)[C@H](C(=O)NCCCO)O,0
CC(C)C1=CC(=C(C(=C1N=C=O)C(C)C)N=C=O)C(C)C,1
CC1=CC(=C(C=C1)[N+](=O)[O-])C,0
CC1=CC(=C(C=C1)N)C,0
C1=CC(=C2C(=CC=C3C2=C1C(=O)OC3=O)C(=O)O)C(=O)O,0
CC(C)(C)c1ccc(O)c(c1)C(C)(C)C,1
COCCOCOCCOC,0
CC1=C(C2=C(CCC(O2)(C)CCCC(C)CCCC(C)CCCC(C)C)C(=C1O)C)C,0
COCCOCCOCCOCCOC,0
CC[C@@H]([C@H](C)OCC1=CC=CC=C1)N(C(=O)NC2=CC=C(C=C2)N3CCN(CC3)C4=CC=C(C=C4)OC[C@H]5C[C@](OC5)(CN6C=NC=N6)C7=C(C=C(C=C7)F)F)N,0
C1=CC=C(C=C1)NC2=CC(=C(C=C2C(=O)O)NC3=CC=CC=C3)C(=O)O,0
CC1=CC=C(C=C1)NC2=CC(=C(C=C2C(=O)O)NC3=CC=C(C=C3)C)C(=O)O,0
COC1=CC(=C(C=C1)OC)N,0
CC1=CC(=O)CC(C1=O)(C)C,0
CC(C)(C)C1=CC(=CC2=CC=CC=C2)C=C(C1=O)C(C)(C)C,0
CC(C)C1=C(C(=CC=C1)C(C)C)N,0
CCC1(CC(=O)C(C(N1OC(C)C2=CC=CC=C2)(C)CC)C)C,0
CCC1=CC(=CC(=C1N)CC)C,0
CCCS(=O)(=O)NC1=C(C(=C(C=C1)F)C(=O)O)F,0
CC1=C(C(=CC=C1)C)OS(=O)(=O)C2=CC=C(C=C2)O,0
CCOC(=O)CN(CC(=O)OCC)C(=O)OC1=C(C(=C2N1NC(=N2)C3=CC=C(C=C3)C(C)(C)C)C(=O)OC4C(CC(CC4C(C)(C)C)C)C(C)(C)C)C#N,0
CCCCCCCCCC1=CC(=C(C(=C1)C(C)(C)C)O)C(C)(C)C,0
CC(C)(C)C1=C(C(=CC=C1)C(C)(C)C)O,1
C1=CC2=C(C=C1Cl)C(=O)C3=CC4=C(C=C3N2)C(=O)C5=C(N4)C=CC(=C5)Cl,0
CC1=CC2=C(C=C1)NC3=CC4=C(C=C3C2=O)NC5=C(C4=O)C=C(C=C5)C,0
C[C@@H]1CC[C@H]([C@@H](C1)OC(=O)OCCO)C(C)C,0
CCOC(=O)OCCOC1=C(C2=C(C(=C1)O)C(=O)C3=CC=CC=C3C2=O)N,0
C1=CC=C(C=C1)OC(=O)OCCOC2=C(C3=C(C(=C2)O)C(=O)C4=CC=CC=C4C3=O)N,0
CC1=C(C(=CC=C1)S(=O)(=O)O)N=NC2=C(N=C(NC2=O)N)N,0
CC(=O)C(C(=O)NC1=CC=CC=C1OC)N=NC2=C(C=CC(=C2)[N+](=O)[O-])OC,0
CC(=O)C(C(=O)NC1=CC2=C(C=C1)NC(=O)N2)N=NC3=CC=CC=C3OC,0
CC(=O)C(C(=O)NC1=CC=CC=C1)N=NC2=C(C=C(C=C2)C3=CC(=C(C=C3)N=NC(C(=O)C)C(=O)NC4=CC=C(C=C4)OC)Cl)Cl,0
CC1=CC(=C(C=C1)NC(=O)C(C(=O)C)N=NC2=C(C=C(C=C2)C3=CC(=C(C=C3)N=NC(C(=O)C)C(=O)NC4=CC(=C(C=C4OC)Cl)OC)Cl)Cl)C,0
CC(C1CCCC(C1)(C)C)OC(C)(C)COC(=O)C2CC2,0
C1=NC(=C2C(=N1)N(C=N2)[C@H]3[C@@H]([C@@H]([C@H](O3)COP(=O)(O)O)O)O)N,0
C1=CC=C(C=C1)C(=O)OCCN(CCC#N)C2=CC=C(C=C2)N=NC3=CC=C(C=C3)[N+](=O)[O-],0
CCCCCCCCC(CCCCCC)COC1=CC=CC=C1C(=O)N,0
CCCCCCCCN(CCO)CCO,1
C1=CC=C(C(=C1)CC2=CC=CC=C2O)O,0
CC(=O)C(C(=O)NC1=CC=CC=C1OC)N=NC2=C(C=C(C=C2)[N+](=O)[O-])OC,0
C(CS)C(=O)OCCOC(=O)CCS,0
CC(=O)C(C(=O)NC1=CC=CC=C1OC)N=NC2=C(C=C(C=C2)Cl)[N+](=O)[O-],0
CC1=CC(=C(C=C1)NCCO)[N+](=O)[O-],0
CC1=CC(=C(C=C1)N=NC(C(=O)C)C(=O)NC2=CC=CC=C2)[N+](=O)[O-],0
CC1=C(C(=CC=C1)Cl)NC(=O)C2=CN=C(S2)NC3=CC(=NC(=N3)C)Cl,0
CCOC1=CC=C(C=C1)C(C2=C(C=CC(=C2)Br)Cl)OCC3=CC=CC=C3,0
CC(C)(C)[C@@H](C(=O)O)NC(=O)OC,0
CCN(CC)C1=CC(=C(C=C1)N=NC2=C(C=C(C=C2C#N)[N+](=O)[O-])C#N)C,0
C1=CC=C(C=C1)CCN(CCC#N)C2=CC=C(C=C2)N=NC3=C(C=C(C=C3)[N+](=O)[O-])C#N,0
CC1=CC(=C(C(=C1)C(C2=CC(=CC(=C2O)C)C)C(C)C)O)C,0
CCOCCOCCOCCOC(=O)C(=C)C,0
COCCOCCOCC(=O)O,0
CC(=O)C(C(=O)NC1=CC=CC=C1)N=NC2=C(C=C(C=C2)C3=CC(=C(C=C3)N=NC(C(=O)C)C(=O)NC4=CC=CC=C4)Cl)Cl,0
CCCCC(CC)CSC1=C(C=C(C=C1)C(C)(C)C)NC(=O)C(C2=NC3=CC=CC=C3S(=O)(=O)N2CCCOCCCC)N4C(=O)C(OC4=O)(C)C,0
CC1=CCC(CC1)C(C)CC2CCCC2=O,0
C1=CC=C(C=C1)C(=O)OCCOCCOC(=O)C2=CC=CC=C2,0
C(COCC(=O)O)OCC(=O)O,0
CC1=C(C(=C(C=C1)C(=O)O)OC2=CC=CC=C2CC(=O)O)C,0
CC1(CC(CC(C1)(C)CNC(=O)OCCOCCN(C)C)NC(=O)OCCOCCN(C)C)C,0
CC(C)(C1CCCO1)C2CCCO2,0
CC(=O)OC1=C(C=C(C=C1)C(C)(C)CC(C)(C)C)C2C3=C(C=CC(=C3)C(C)(C)CC(C)(C)C)OC2=O,0
CCCCC(CC)C1N(CCO1)CCOC(=O)NCCCCCCNC(=O)OCCN2CCOC2C(CC)CCCC,0
C1CN(CCN1CCO)CCS(=O)(=O)O,0
CCCCC(CC)COC1=CC(=C(C=C1)C2=NC(=NC(=N2)C3=CC=C(C=C3)C4=CC=CC=C4)C5=CC=C(C=C5)C6=CC=CC=C6)O,0
CCCCC(CC)COCC(COC1=CC(=C(C=C1)C2=NC(=NC(=N2)C3=C(C=C(C=C3)C)C)C4=C(C=C(C=C4)C)C)O)O,0
CC(C)C1(C)N=C(NC1=O)c1ncccc1C(=O)O,0
CC(C)(CO)C1OCC2(CO1)COC(OC2)C(C)(C)CO,0
CC(C#N)N(CC#N)CC#N,0
COC(C(C(F)(F)F)C(F)(F)F)(F)F,0
CC(=O)OCCN(CCC#N)C1=CC=C(C=C1)N=NC2=C(C=C(C=C2Cl)[N+](=O)[O-])Cl,0
CC(C)C=C(C)C(C)OC(C)(C)COC(=O)C1CC1,0
CC(=O)NC1=CC(=C(C=C1N=NC2=C(C=C(C=C2Br)[N+](=O)[O-])[N+](=O)[O-])OC)N(CCOC(=O)C)CCOC(=O)C,0
CC(C)(C1=CC(=C(C(=C1)Br)OCC2CO2)Br)C3=CC(=C(C(=C3)Br)OCC4CO4)Br,0
CC1=CC(=C(C(=C1)C2(CCCCC2)C)O)CC3=C(C(=CC(=C3)C)C4(CCCCC4)C)O,0
C=CCOCC1(C(C(C(O1)CO)O)O)OC2C(C(C(C(O2)CO)O)O)O,0
CC(CC(=O)OCCN1C(CC(CC1(C)C)OC(=O)CC(C)CC(C)(C)C)(C)C)CC(C)(C)C,1
C(COC(=O)CCl)OCCOC(=O)CCl,0
C1[C@H](C[C@@H](O[C@@H]1CCN2C(=O)C3=CC=CC=C3C2=O)O)O,0
C(COCC(=O)O)OCCOCC(=O)O,0
CS(=O)(=O)c1ccc(C(=O)C2C(=O)CCCC2=O)c(Cl)c1COCC1CCCO1,0
CCCC1=NC(=C2N1N=C(NC2=O)C3=C(C=CC(=C3)S(=O)(=O)N4CCN(CC4)CC)OCC)C,0
CCC1CCC(OC1)C2=CC=C(C=C2)C3=CC(=C(C(=C3)F)C(OC4=CC(=C(C(=C4)F)F)F)(F)F)F,0
CC(=O)N1CC2C3=CC=CC=C3CCN2C(=O)C1,0
C1=C(C(=CC(=C1Cl)Cl)S(=O)(=O)O)N,0
C1=C(C=NC(=C1O)N)Br,0
CC1=CC(=CC(=C1N)C(=O)NC)C#N,0
C1=CC(=C(C=C1Cl)O)N,0
C1=CC=C(C=C1)C(=O)C2=C(C=C(C=C2)OCC(COC3=CC(=C(C=C3)C(=O)C4=CC=CC=C4)O)O)O,0
CCC(Cc1ccccc1)(N(C)C)C(=O)c1ccc(cc1)N1CCOCC1,0
COC1=C(C=C(C(=C1)Br)C=O)O,0
CCCCOCCOC(=O)C1=CC=CC=C1,0
CCCCCCC(CCCC)CO,0
CCCCCCC(CCCC)C(=O)O,0
C(C(F)F)Cl,0
COC(CCl)OC,0
C1=CC(=C(C=C1C(F)(F)F)Cl)F,0
CC1=C(C=C(C=C1)[N+](=O)[O-])Cl,0
CCC(C)Cl,0
CC(=O)C(C(=O)N(C)C)Cl,1
CN(C1=CC=C(C=C1)[N+](=O)[O-])C(=O)CCl,0
C1CCC(C1)C(=O)C2=CC=CC=C2Cl,0
CCCCCCCCCCCCC(CCCCCCCCCC)C(=O)O,0
CCCCCCCCCCCCCCC(CCCCCCCCCCCC)CO,0
CCOC1=NC2=CC=CC(=C2N1CC3=CC=C(C=C3)C4=CC=CC=C4C5=NNN=N5)C(=O)O,0
CCOC1=CC=CC=C1C#N,0
CCOC1=CC=CC=C1/C(=N/O)/N,0
CCC(COC(=O)CC(C)CC(C)(C)C)(COC(=O)CC(C)CC(C)(C)C)COC(=O)CC(C)CC(C)(C)C,0
CCC(CO)(CO)COCC(CC)(CO)CO,0
CCC1CC(CCC1=O)(C)C,0
CCC1=CC=CC(=C1N)C,0
CCC1=CC2=C(C=C1)C(=O)C3=CC=CC=C3C2=O,0
CCCCC(CC)COC(=O)OOC(C)(C)CC,0
CC(C)CCCCCOC(=O)CSP(SCC(=O)OCCCCCC(C)C)SCC(=O)OCCCCCC(C)C,0
CCCCC(CC)COC(=O)C1=CC=CC=C1C(=O)C2=CC=C(C=C2)C3=CC=CC=C3,0
CCCCC(CC)COC(=O)C(=C(C1=CC=CC=C1)C2=CC=CC=C2)C#N,0
CCCCC(CC)COC(=O)CC#N,0
CCCCC(CC)COC(=O)CS,0
CCCCC(CC)COC(=O)CCS,0
CCCCC(CC)COC(=O)C,1
CCCCC(CC)COC(=O)C1=CC=CC=C1,0
CS(=O)(=O)C1=CC(=C(C=C1)F)C(=O)O,0
CCCCCCCCCCCCCCCC(=O)NCC(=O)O,0
CCCCCCCCC(CCCCCC)C(=O)NC1=C(C=CC(=C1)C)O,0
CCCCCCCCC(CCCCCC)CO,0
CCCCCCCCC(CCCCCC)C(=O)O,0
CC(C)(C(=O)C1=CC=C(C=C1)CC2=CC=C(C=C2)C(=O)C(C)(C)O)O,0
CCCCC(C)(CCC)C(=O)OCC(COC(=O)C=C)O,0
C=CC(=O)OCC(COCCCCOCC(COC(=O)C=C)O)O,0
CSCCC(C#N)O,0
CC(C)(C(=O)C1=CC=C(C=C1)OCCO)O,0
CC1=CC(=C(C=C1)C(=O)N)O,0
C1=CC=C(C(=C1)C=O)O,0
C1=CC=C2C(=C1)NC(=O)N2,0
CCCCCCCCCCCCCCCCC(C(=O)N[C@@H](CO)[C@@H]([C@@H](CCCCCCCCCCCCCC)O)O)O,0
CC(C(=O)N(C)C)O,0
C1=CC=C2C(=C1)C=CC(=C2C=O)O,0
CC(C)C(=O)C(=CC1=CC=CC=C1)C(=O)NC2=CC=CC=C2,0
CCOC(=O)C1(COC(OC1)C(C)C)C(=O)OCC,0
CC(C)C1=CC2=C(C=C1)SC3=CC=CC=C3C2=O,0
COC1=CC2=C(C=C1)SC3=CC=CC=C3N2,0
CC1=CC(=C(C=C1)OC(=O)OC)OC,0
CC(=C)C(=O)OCCOC,0
CC(C)(C(=O)C1=CC=C(C=C1)SC)N2CCOCC2,0
CC(CCC=O)C1C(=CCCC1(C)C)C,0
CC1=C(C=CC(=C1)OC(=O)C2=CC=C(C=C2)OCCCCCCOC(=O)C=C)OC(=O)C3=CC=C(C=C3)OCCCCCCOC(=O)C=C,0
CCCCCCCCSCC1=CC(=C(C(=C1)C)O)CSCCCCCCCC,0
CC1=C(C=CC(=C1)OC(=O)C2=CC=C(C=C2)OC(=O)OCCCCOC(=O)C=C)OC(=O)C3=CC=C(C=C3)OC(=O)OCCCCOC(=O)C=C,0
CCC[C@@H]1CCO[C@@H](S1)C,0
CC(CC(C)C1=CC=CC=C1)CO,0
CC1=C(C=CC(=C1)OC(=O)C2=CC=C(C=C2)OCCCOC(=O)C=C)OC(=O)C3=CC=C(C=C3)OCCCOC(=O)C=C,0
CC1=C(C=CC(=C1)OC(=O)C2=CC=C(C=C2)OCCCCOC(=O)C=C)OC(=O)C3=CC=C(C=C3)OCCCCOC(=O)C=C,0
CC(C)CCCCCCCCCCO,1
CC(C)CCCCCCCCCCCCCCCO,1
CC(C)CCCCCCCCCCCCCCC(=O)O,0
CC(=C)C(=O)NC1=CC=C(C=C1)S(=O)(=O)N,0
CC1CO1,0
CC(CCC(=O)OC)C(=O)OC,0
CC(=CC(C)(C)CC(C)(C)C)C,0
CC(=C)C,0
C[C@H](C(=O)OCC(C)C)O,0
CC(C)C(C)(C)C(C)(C)C(C)(C)S,1
CC1=C(C=C(C=C1)Cl)N=NC2=C(C(=CC3=CC=CC=C32)C(=O)NC4=CC(=C(C=C4C)NC(=O)C5=CC6=CC=CC=C6C(=C5O)N=NC7=C(C=CC(=C7)Cl)C)C)O,0
Oc1ccc2ccccc2c1,0
CCCCCCCCCCC(CCCCCCCC)CO,0
CCCCCCCCCCC(CCCCCCCC)COC(=O)CCCCCCCCCCCCCCC(C)C,0
C(=O)C(=O)O,0
CC(=C)C(=O)OC1=CC=C(C=C1)C(=O)C2=CC=CC=C2,0
CCCCCC(CCC)COC(=O)C=C,1
CCCCNC(=O)OCC#C,0
CC(=C)C(=O)OCCOC1=CC=CC=C1,0
C=CC(=O)OCCOC1=CC=CC=C1,0
CC1=CC(=C(C(=C1)C(C)(C)C)O)CC2=C(C(=CC(=C2)C)C(C)(C)C)O,0
CCOC(=O)OC1CCCCC1C(C)(C)C,0
CCCCCCCCCCCCCCCCC(CCCCCCCCCCCCCC)CO,0
CC(CNS(=O)(=O)CCCS(=O)(=O)C1=CC(=C(C=C1)C#N)C#N)O,0
CCC(C)(C)C(=O)OC1=C(C(=O)OC21CCCCC2)c1ccc(Cl)cc1Cl,0
CC1=C(C(=O)N2C=CC=CC2=N1)CCCl,0
C1=CC=C2C(=C1)C(=O)N(C(=O)N2)CCCl,0
C1=CC=C(C(=C1)C(=O)CC#N)Cl,0
C1=CC=C2C(=C1)C(=O)N(C(=O)N2)CCO,0
CCCCCCCCCCCCCCCCCCNC(=O)CCC1=CC(=C(C(=C1)C(C)(C)C)O)C(C)(C)C,0
CC1=NN(C(=O)C1)C2=CC(=CC=C2)S(=O)(=O)O,0
COC1=NC(=NC(=N1)C2C3=C(C(=CC=C3)F)NC2=O)OC,0
C(CSC(=N)N)C(=O)O,0
CC(C)CCCCCCCOCCC#N,0
CCN(CC)CCC#N,0
CN1C=C(C(=N1)C(F)F)C(=O)O,0
CN(C)/C=C/C(=O)C1=CN=CC=C1,0
CCCCCCCCCCCCSC(C)CC(=O)[C@@H]1[C@H](C=CCC1(C)C)C,0
CCCCCCOCC(CO)O,0
Cl[S](=O)(=O)C1=CC(=[N+]=[N-])C(=O)c2ccccc12,0
C1C(O1)CN(CC2CO2)C3=CC(=CC=C3)OCC4CO4,0
CCO[Si](CCCOC(=O)C(=C)C)(OCC)OCC,0
C/C=C/C=C/C(=O)OCCC[Si](OC)(OC)OC,0
CO[Si](CCCN)(OC)OC,1
CC1CC(OOC(O1)(C)C)(C)C,0
CO[Si](CCCCCC[Si](OC)(OC)OC)(OC)OC,0
C=C(C(=O)OCCC(C(C(C(C(C(F)(F)F)(F)F)(F)F)(F)F)(F)F)(F)F)Cl,0
CC(=C)C(=O)OCCC(C(C(C(C(C(F)(F)F)(F)F)(F)F)(F)F)(F)F)(F)F,0
C=CC(=O)OCCC(C(C(C(C(C(F)(F)F)(F)F)(F)F)(F)F)(F)F)(F)F,0
CC(C)(C)C1=CC(=C(C(=C1)C(C)(C)C)O)C2=C(C(=CC(=C2)C(C)(C)C)C(C)(C)C)O,0
CC1=CC(=C(C(=C1NC2=C3C(=C(C=C2)NC4=C(C(=C(C=C4C)C)S(=O)(=O)NC5CCCCC5)C)C(=O)C6=CC=CC=C6C3=O)C)S(=O)(=O)NC7CCCCC7)C,0
C1=CC(=CC=C1N=NC2=C(C=C(C=C2Cl)[N+](=O)[O-])Cl)N(CCC#N)CCC#N,0
CCCCC(CC)COCOCC(CC)CCCC,0
CC1=C(C=C(C=C1)Cl)NC(=O)C2=CC(=C(C=C2)Cl)N=NC(C(=O)C)C(=O)NC3=CC(=C(C=C3C)NC(=O)C(C(=O)C)N=NC4=C(C=CC(=C4)C(=O)NC5=C(C=CC(=C5)Cl)C)Cl)C,0
CC(C)(C)[Si](C)(C)SCCC[Si](OC)(OC)OC,0
CC1=C(C=CC(=C1)C2=CC(=C(C=C2)N=C=O)C)N=C=O,0
CC(=O)CC(=O)OC(C)(C)C,0
C1=CC(=C(C=C1C2=C(C=CC(=C2)F)N)Cl)Cl,0
C1=CC(=C(C=C1C#N)Cl)Cl,0
C1COC2=C(N1)C=C(C=C2)O,0
CC(CC=O)CC(C)(C)C,1
CC(CC(=O)O)CC(C)(C)C,1
CCCOC1=C(C=C(C=C1OC)C=O)OC,0
CCCCCCC(C)(C)S,0
C=COCCOCCOCCOC=C,0
C1=CC=C(C=C1)C2=CC=C(C=C2)C3=C4C(=C(N3)O)C(=NC4=O)C5=CC=C(C=C5)C6=CC=CC=C6,0
CC1=CC=C(C=C1)C2=C3C(=C(N2)O)C(=NC3=O)C4=CC=C(C=C4)C,0
CC(C)CCCC(C)CCCC(C)CCCC(C)(C(CO)O)O,1
CCC(C)(CCC=C(C)C)O,1
C[Si]1(CCCN1[Si](C)(C)CCCN)C,1
C(CNCCO)CO,0
C(C(=O)OCC(COC(=O)CS)(COC(=O)CS)COC(=O)CS)S,0
CC1(CC(CC(C1)(C)CNCCC#N)NCCC#N)C,0
C1CC2=C(C[C@@H]1N)C3=CC=CC=C3N2CCC(=O)O,0
C(CS)C(=O)OCC(COC(=O)CCS)(COC(=O)CCS)COC(=O)CCS,0
C1=CC(=CC=C1N=NC2=C(C=C(C=C2Br)[N+](=O)[O-])C(F)(F)F)N(CCC#N)CCC#N,0
CCCCCCC=CCCCCCCCC1=CC(=CC=C1)O,1
CCO[Si](CCCC1CC(=O)OC1=O)(OCC)OCC,0
C1CN(CCN1CCCS(=O)(=O)O)CCO,0
C1=CC=C(C=C1)CN(CCC#N)C2=CC=C(C=C2)N=NC3=CC=C(C=C3)[N+](=O)[O-],0
CC(=C)C(=O)OCCC[Si](C)(OC)OC,0
C1=CC(=CC(=C1)OC2=CC=C(C=C2)C3=CC=C(C=C3)OC4=CC=CC(=C4)N)N,0
CC1=C(C(=CC=C1)C)OP(=O)(OC2=CC(=CC=C2)OP(=O)(OC3=C(C=CC=C3C)C)OC4=C(C=CC=C4C)C)OC5=C(C=CC=C5C)C,0
CC(C)COP(=S)(OCC(C)C)SCC(C)C(=O)O,0
CC(=C)C(=O)OCCC[Si](O[Si](C)(C)C)(O[Si](C)(C)C)O[Si](C)(C)C,0
CC(=C)C(=O)OCCCOC1=CC=C(C=C1)C(C)(C)C2=CC=C(C=C2)OCCCOC(=O)C(=C)C,0
C1C=CC2C3CC(C=C3)C12,1
CC(C)(CN)C(=O)N,0
CC1=C(C(=C(C=C1)N)Cl)O,0
C1=CC(=C(C=C1C(=O)N)N)Cl,0
COC1=C(C=C(C=C1)C(=O)NC2=CC=CC=C2)N,0
CC1=C(C=C(C=C1)C(=O)N)N,0
C1CC(COC1)CC2=CC=CC=C2,0
CCCCNC(=O)NC1=CC=C(C=C1)CC2=CC=C(C=C2)NC(=O)NCCCC,0
CCCCC(CC)C1N(CCO1)CCCC,0
C1CCC(CC1)NC(=O)NC2=CC=C(C=C2)CC3=CC=C(C=C3)NC(=O)NC4CCCCC4,0
C1CCC(C1)C2=CNC3=C2C=CC(=C3)C(=O)O,0
C1=CC(=C(C=C1N)Cl)F,0
CCOC(C(C(F)(F)F)(C(F)(F)F)F)(C(C(C(F)(F)F)(F)F)(F)F)F,0
CCC1CC(OC1=O)(C)C,0
C1=CC=C2C(=C1)C=C(C(=N2)C3=C(C4=CC=CC=C4C3=O)O)O,0
CC(CO)(CO)C=O,0
COc1ccc(cc1N\N=C2/C(=O)C(=Cc3ccccc23)C(=O)Nc4ccc5NC(=O)Nc5c4)C(=O)Nc6ccccc6,0
CC1=CC(=C(C=C1S(=O)(=O)NC)OC)N=NC2=C(C(=CC3=CC=CC=C32)C(=O)NC4=CC5=C(C=C4)NC(=O)N5)O,0
CC1=CC=CC=C1NC(=O)C2=CC3=CC=CC=C3C(=C2O)N=NC4=CC(=C(C=C4Cl)Cl)Cl,0
C1=CC=C2C=C(C(=CC2=C1)C(=O)NC3=CC4=C(C=C3)NC(=O)N4)O,0
C1=CC=C2C=C(C(=CC2=C1)C(=O)NC3=CC(=CC=C3)[N+](=O)[O-])O,0
CC(C)C/C(=N\NC(=O)C1=CC2=CC=CC=C2C=C1O)/C,0
CC(C)(C)[Si](C)(C)SCCC[Si](C)(OC)OC,0
CC(CCO)OC,0
CC(CCOC(=O)C)OC,0
CC1=NN(C(=O)C1)C2=CC=C(C=C2)C,0
CC1=C(NC2=C1C=C(C=C2)OCC3=CC=CC=C3)C4=CC=C(C=C4)OCC5=CC=CC=C5,0
CN1COCN=C1N[N+](=O)[O-],0
C1COCCN1CCCS(=O)(=O)O,0
CCCCCCCCNC(=O)NC1=CC=C(C=C1)CC2=CC=C(C=C2)NC(=O)NCCCCCCCC,0
CC(=O)CC(=O)NC1=CC2=C(C=C1)NC(=O)N2,0
CC(=O)CC(=O)NC1=CC=C(C=C1)NC(=O)CC(=O)C,0
CC(=O)CC(=O)NC1=CC=CC=C1,0
C=CCCCCCCCCC(=O)N[C@@H](CC1=CC=CC=C1)C(=O)O,0
C1=CC=C(C=C1)C2=NOC(=N2)C3=CC=CS3,0
COC1=C(C=C(C=C1)C(=O)NC2=CC=C(C=C2)C(=O)N)N=NC3=C(C(=CC4=CC=CC=C43)C(=O)NC5=CC(=C(C=C5OC)OC)Cl)O,0
CC1=CC(=NC(=C1C#N)NC2=CC=C(C=C2)S(=O)(=O)O)NC3=CC=C(C=C3)S(=O)(=O)O,0
CC1=CC(=CC(=C1OC2=CC(=NC(=N2)NC3=CC=C(C=C3)C#N)Cl)C)C#N,0
C1=CC(=CC=C1CCC2=CNC3=C2C(=O)NC(=N3)N)C(=O)O,0
CC(C)(C1=CC=C(C=C1)OP(=O)(OC2=CC=CC=C2)OC3=CC=CC=C3)C4=CC=C(C=C4)OP(=O)(OC5=CC=CC=C5)OC6=CC=CC=C6,0
C1=CC(=CC(=C1)C#N)/C=C/C2=CC=C(C=C2)/C=C/C3=CC=C(C=C3)C#N,0
CCCCC1=C(C2=C(O1)C=CC(=C2)[N+](=O)[O-])C(=O)C3=CC=C(C=C3)O,0
CC(C)(C1=CC=CC=C1)C2=CC=C(C=C2)NC3=CC=C(C=C3)C(C)(C)C4=CC=CC=C4,0
CC(C)(C1=CC=CC=C1)C2=CC=C(C=C2)O,0
C1=CC(=C(C=C1C(=O)O)O)NC(=O)C2=CC(=CC(=C2)Cl)Cl,0
CNC(=O)C1=NC=CC(=C1)OC2=CC=C(C=C2)NC(=O)NC3=CC(=C(C=C3)Cl)C(F)(F)F,0
CNC(=O)C1=NC=CC(=C1)OC2=CC=C(C=C2)N,0
CCCCC1=CC=C(C=C1)C2=C(C(=C(C=C2)C3=CC=C(C=C3)CC)F)F,0
CCCCC1=CC=C(C=C1)C2=C(C=C(C=C2)C3=CC=C(C=C3)CC)F,0
CC1=C(C=CC(=C1)OC(=O)C2=CC=C(C=C2)O)OC(=O)C3=CC=C(C=C3)O,0
C1CNCCC1N2C=C(C=N2)I,0
CCN1C(=O)C(CO1)NC(=O)C2=C(C=C(C=C2)C3=NOC(C3)(C4=CC(=C(C(=C4)Cl)F)Cl)C(F)(F)F)C,0
C1=CC=C(C(=C1)C#N)C2=CC=C(C=C2)CBr,0
CCC(C)OC1=C(C=C(C=C1OC)C=O)OC,0
CCCCOCC1=CC(=C(C=C1)O)OC,0
CC1(CN(NC1=O)C2=CC=CC=C2)CO,0
COC(=O)C1=C(C=C(C=C1)C(=O)O)[N+](=O)[O-],0
C1=CC=C2C=C(C=CC2=C1)C3=CSC(=N3)N,0
C1CNCCC1(C2=CC=C(C=C2)Cl)O,1
CCO[Si](CCCSSCCC[Si](OCC)(OCC)OCC)(OCC)OCC,0
CC(=C)C(=O)OCCCC(C(C(C(C(C(F)(F)F)(F)F)(F)F)(F)F)(F)F)(F)F,0
CCO[Si](CC[Si](OCC)(OCC)OCC)(OCC)OCC,0
CC\1=NN(C(=O)C1=N/Nc2ccc(cc2Cl)c3ccc(N\N=C4/C(=NN(C4=O)c5ccccc5)C)c(Cl)c3)c6ccccc6,0
CC1=CC=C(C=C1)N2C(=O)C(C(=N2)C)N=NC3=C(C=C(C=C3)C4=CC(=C(C=C4)N=NC5C(=NN(C5=O)C6=CC=C(C=C6)C)C)Cl)Cl,0
CC(CCC(=O)O)(C#N)N=NC(C)(CCC(=O)O)C#N,0
COCC1=CC=C(C=C1)C2=CC=C(C=C2)COC,0
CC(C)(C1CCC(CC1)O)C2CCC(CC2)O,0
CCC1=CC(=CC(=C1N)CC)CC2=CC(=C(C(=C2)CC)N)CC,0
CCCCOC(=O)NC1CCC(CC1)CC2CCC(CC2)NC(=O)OCCCC,0
CCCCC(CC)CNS(=O)(=O)C1=CC=C(C=C1)N=NC2=C(C(=C(N(C2=O)CCCC)O)C#N)C,0
C1=CC=C2C(=C1)C=C(C(=C2N=NC3=C(C=CC(=C3)Cl)Cl)O)C(=O)NC4=CC5=C(C=C4)NC(=O)N5,0
COC1=CC=CC=C1NC(=O)C2=CC3=CC=CC=C3C(=C2O)N=NC4=C(C=CC(=C4)Cl)Cl,0
CCN(CC)CCCNC1=NC(=NC(=N1)NC2=CC=C(C=C2)S(=O)(=O)NC3=CC=CC4=C3N=C(C=C4)C5C(=O)C6=C(C5=O)C(=C(C(=C6Cl)Cl)Cl)Cl)NCCCN(CC)CC,0
C1=CC=C(C=C1)C(C2=CC=C(C=C2)N)C3=CC=C(C=C3)N,0
C1=CC=NC(=C1)C(C2=CC=C(C=C2)O)C3=CC=C(C=C3)O,0
C1=CC=C(C=C1)OP(=O)(OC2=CC=CC=C2)OC3=CC=C(C=C3)C4=CC=C(C=C4)OP(=O)(OC5=CC=CC=C5)OC6=CC=CC=C6,0
C1C(O1)COC2=CC=CC3=C2C4=CC=CC=C4N3,0
COC1=C(C=C(C=C1)C(=O)NC2=CC=CC=C2)N=NC3=C(C(=CC4=CC=CC=C43)C(=O)N)O,0
C1=CC(=CC=C1C(C2=CC=C(C=C2)O)(C(F)(F)F)C(F)(F)F)O,0
CCCC1CCC(CC1)C2=CC=C(C=C2)C3=CC(=C(C=C3)C4=CC(=C(C(=C4)F)OC(F)(F)F)F)F,0
CN(C)C(=O)C(CCN1CCC(CC1)(C2=CC=C(C=C2)Cl)O)(C3=CC=CC=C3)C4=CC=CC=C4,0
C=CCOC1=CC=C(C=C1)S(=O)(=O)C2=CC=C(C=C2)O,0
C1CC(CCC1C2CCC(=O)CC2)C3=CC(=C(C=C3)F)F,0
C=CC(=O)OCCCCOC(=O)OC1=CC=C(C=C1)C(=O)C2=CC=CC=C2,0
CCCC1=NC2=C(N1CC3=CC=C(C=C3)C4=CC=CC=C4C#N)C=C(C=C2C)C5=NC6=CC=CC=C6N5C,0
CCO[Si](C)(CN1CCOCC1)OCC,0
C1COCCN1CCOCCN2CCOCC2,0
CCCC1=CC=C(C=C1)C2=CC(=C(C=C2)C3=CC(=C(C(=C3)F)C(OC4=CC(=C(C(=C4)F)F)F)(F)F)F)F,0
C[C@@H]1C=CCC([C@H]1C(=O)OC)(C)C,0
C1=CC=C(C=C1)N2C(=O)C3=CC=CC=C3C2(C4=CC=C(C=C4)O)C5=CC=C(C=C5)O,0
C[N+](C)(CCCNC=O)CC(=O)[O-],0
C[C@]12CC[C@H]3[C@H]([C@@H]1CC[C@@H]2C(=O)O)CC=C4[C@@]3(CCC(=O)N4)C,0
CNS(=O)(=O)C1=C(C=C(C(=C1)OC)N)OC,0
COC1=CC(=C(C=C1N)OC)S(=O)(=O)NC2=CC=CC=C2,0
C1=C(C(=C(N=C1Cl)C(=O)O)Cl)N,0
CC1=CC(=C(C=C1S(=O)(=O)NC)OC)N,0
C1=CC(=CC=C1C(=O)N)N,0
C1C(=N/C(=N\S(=O)(=O)C2=CC=C(C=C2)N)/NC1=O)N,0
C1=CC(=CC=C1C(=O)NC2=CC=C(C=C2)C(=O)N)N,0
C1=CC=C(C=C1)NC2=C(C=C(C=C2)S(=O)(=O)NC3=CC=CC=C3)[N+](=O)[O-],0
C=CC(=O)OCCCCCCOC1=CC=C(C=C1)C(=O)OC2=CC=C(C=C2)C#N,0
CC(CCC1CCCCC1)O,1
CC1=C(C=C(C=C1)Cl)C,0
C1=CC2=C(C(=C1)Cl)C(=O)OC2=O,0
COC1=CC(=C(C=C1N)OC)Cl,0
C1=CC=C(C(=C1)C2=CC=C(C=C2)Cl)[N+](=O)[O-],0
C(CCCl)COC(=O)CCCl,0
CCCC1CCC(CC1)C2=CC=C(C=C2)C3=C(C(=C(C=C3)OCC)F)F,0
CCC1CCC(CC1)C2=CC=C(C=C2)C3=C(C(=C(C=C3)OCC)F)F,0
CCCC1=NC(=C2N1N=C(NC2=O)C3=C(C=CC(=C3)S(=O)(=O)O)OCC)C,0
CCCC1=CC=C(C=C1)C2=C(C(=C(C=C2)C3=CC=C(C=C3)CC)F)F,0
B(C1=C(C=C(C=C1)C2=CC=C(C=C2)CC)F)(O)O,0
CCC1=CC=C(C=C1)C2=CC(=C(C=C2)C3=CC(=C(C(=C3)F)F)F)F,0
CCCC1=CC=C(C=C1)C2=C(C=C(C=C2)C3=CC=C(C=C3)CC)F,0
CC(C)NC1=CC=C(C=C1)F,1
CCCCCC(C)(CC)C(=O)OOC(C)(C)CC(C)O,1
CC1=CC(=CC(=C1O)C)C#N,0
C1=CC(=CC=C1C(=O)O)O,0
C1=CC=C2C(=C1)C(=O)NC=N2,0
CC1=C(C=CC(=C1)CC(C)C)C=O,0
CS(=O)(=O)C1=CC(=C(C=C1)C=O)C(F)(F)F,0
COC1=C(C=C(C=C1)C(=O)O)[N+](=O)[O-],0
COC1=C(C=C(C=C1)C(=O)NC2=CC=CC=C2)[N+](=O)[O-],0
CC1CC(=O)NN=C1C2=CC(=C(C=C2)NC(=O)C3=CC=C(C=C3)OC)[N+](=O)[O-],0
CC1=C(OC=N1)C#N,0
CC(C)CC1CC(CCO1)(C)O,0
C[Si](C1=CC=CC=C1)(C2=CC=CC=C2)O[Si](C)(C3=CC=CC=C3)O[Si](C)(C4=CC=CC=C4)C5=CC=CC=C5,0
CC1=CC=C(C=C1)NC2=C(C(=C(C(=N2)NC3=CC=C(C=C3)C)C#N)C)N=NC4=CC=CC=C4C(F)(F)F,0
CC1=CC(=C(C=C1)O)N=NC2=CC=CC=C2[N+](=O)[O-],0
CC1=C(C=C(C=C1)C(=O)O)[N+](=O)[O-],0
C/C=C/CCC1=CC=C(C=C1)C2=CC=C(C=C2)C,0
CCCCCC(/C(=C/CC)/C)O,0
CC(=CC(=O)C)C,1
CC(C)CC(=O)C,0
CC(C)(C)C1=CC=C(C=C1)C#N,0
CCCCC1CCC(CC1)C2CCC(CC2)CCC,0
CCCC1CCC(CC1)C2CCC(CC2)CC,0
CCCCCC1CCC(CC1)C2CCC(CC2)CCC,0
CC1=C2CC(C(C1)C(C2)C(C)C)C=O,0
C1=CC=C2C(=C1)C(=C3C(=O)NC(=O)NC3=O)N=C2C4=C(NC(=O)NC4=O)O,0
CC1(CCCC2(C1CCC34C2CCC(O3)(OC4)C)C)C,0
CC(C)(C)C1=NN(C(=C1N=NC2=NN=C(S2)SCCSC3=NN=C(S3)N=NC4=C(N(N=C4C(C)(C)C)C5=CC(=CC(=C5)C(=O)O)C(=O)O)N)N)C6=CC(=CC(=C6)C(=O)O)C(=O)O,0
CC1C2=C(C(=CC(=C2)C(C)(C)C)C(C)(C)C)OP(OC3=C1C=C(C=C3C(C)(C)C)C(C)(C)C)OC4=C(C=C(C=C4C)C5C6=C(C(=CC(=C6)C(C)(C)C)C(C)(C)C)OC5=O)C,0
CCCCOCCOCCOCOCCOCCOCCCC,0
CCCCC(CC)C(=O)OOC(C)(C)CCC(C)(C)OOC(=O)C(CC)CCCC,0
CCCCC(CC)COC1=CC(=C(C=C1)C2=NC(=NC(=N2)C3=CC=C(C=C3)OC)C4=C(C=C(C=C4)OCC(CC)CCCC)O)O,0
CC1=C(C=C(C=C1)NCCO)O,0
C1=C(C=C(C(=C1F)F)F)OC(C2=C(C=C(C=C2F)Br)F)(F)F,0
C(CC(=O)O)CC(=O)OOC(=O)CCCC(=O)O,0
CN1CCC[C@@H]1CC2=CNC3=C2C=C(C=C3)/C=C/S(=O)(=O)C4=CC=CC=C4,0
CCOC(C)OC(C)(C=C)C#CC1(C(=C2C(CC1(C)C)OC(O2)C)C)O,0
C1=CC2=C(C=C1N)NC(=O)N2,0
CCS(=O)c1c(N)n(nc1C#N)c1c(Cl)cc(cc1Cl)C(F)(F)F,0
C1(=C(C(=C(C(=C1I)N)I)C(=O)Cl)I)C(=O)Cl,0
C1(=C(C(=C(C(=C1I)N)I)C(=O)O)I)C(=O)O,0
CC1=CC(=C(C=C1)NS(=O)(=O)C2=C(C=CC(=C2)N)Cl)C,0
C1=C(C=C(C(=C1Cl)N2C(=C(C(=N2)C#N)SSC3=C(N(N=C3C#N)C4=C(C=C(C=C4Cl)C(F)(F)F)Cl)N)N)Cl)C(F)(F)F,0
CC1=CC2=C(C=C1N)NC(=O)N2,0
C1=C(C=C(C(=C1F)F)F)Br,1
C1=CNC2=NC=C(C=C21)Br,0
C[C@H](C1=C(C=CC(=C1Cl)F)Cl)OC2=C(N=CC(=C2)Br)N,0
CCC(C)n1c(=O)[nH]c(C)c(Br)c1=O,0
CCCCOC1=CC(=C(C=C1)C2=NC(=NC(=N2)C3=C(C=C(C=C3)OCCCC)OCCCC)C4=C(C=C(C=C4)OCCCC)O)O,0
C1CCCCCC(=O)CCCC=CCCCC1,0
C1=CC2=C(C=C1Cl)C(=O)OC2=O,0
C1=CC(=CC=C1OC2=C(C=C(C=C2)Cl)O)Cl,0
C1=C(SC(=C1)Cl)C(=O)O,0
COC(=O)C1=C(C=CC(=C1)F)[N+](=O)[O-],0
C=CCCCCCC1CCC(=O)O1,0
CC1=C(C=NO1)C(=O)O,0
CCCC(C)C1OCC(CO1)(C)CCC,0
CC1=CC(=C(S1)NC2=CC=CC=C2[N+](=O)[O-])C#N,0
CC1=CC(=O)N2C(=N1)N=CN2,0
C1=CC2=C(C=C1[N+](=O)[O-])NC(=O)N2,0
CC(C)CCCCCC(=O)NCCCCCC(=O)O,0
CC1=C2COC(=O)C2=C(C(=C1OC)C/C=C(\C)/CCC(=O)O)O,0
CC1=CC=C(C=C1)S(=O)(=O)NCCCCCC(=O)O,0
CCCCN(CCCC)C1=CC2=C(C=C1)C3(C4=CC=CC=C4C(=O)O3)C5=C(O2)C=C(C(=C5)NC6=CC=CC=C6)C,0
C1=CC2=C(C=CC(=C2[O-])[N+]#N)C(=C1)S(=O)(=O)Cl,0
CSc1nc(NC(C)C)nc(NC(C)C)n1,0
CN(CCCCCC(=O)O)S(=O)(=O)C1=CC=CC=C1,0
CC(=CCC(C)(C)C(OC)OC)C,1
CC(C)(C)C1=CC(=CC(=C1O)C2=C(C(=CC(=C2)OC)C(C)(C)C)O)OC,0
C(CCC(=O)O)CC(CCS)S,1
CC1=CC=C(C=C1)C2=CCC(CC2)C3CCC4(CC3)OCCO4,0
C1=CC(=CC=C1N2C=CC(=O)N2)Cl,0
CC1=C(C=CC=C1NC(=O)OCCCCCCCCCCC(C)C)NC(=O)NCC2=CC(=CC=C2)CNC(=O)NC3=C(C(=CC=C3)NC(=O)OCCCCCCCCCCC(C)C)C,0
CC(C)C1C2CCC1C3=C2C=CC=C3NC(=O)C4=CN(N=C4C(F)F)C,0
CC1=C(C(=O)N(C2=NC(=NC=C12)Cl)C3CCCC3)Br,0
C1CCC(=CCCCCC=O)C1,1
C1=CC2=C(C=C1Cl)OC=N2,0
C1=CC=C2C(=C1)C3=CC=CC=C3[P+](=O)O2,0
C1=C(N=CNC1=O)O,0
CC1=NC(=NC(=N1)N)N,0
CC1=CC[C@H](CC1)[C@](C)(CCC=C(C)C)O,0
CC/C(=C/CCC(=O)C)/C,0
CCCCCCCCCC1=NC(=NC(=N1)N)N,0
CCC(C)C1=CC2=C(C=C1)N=CC=C2,1
CC1=CC2=C(C(=C1)C3CCCCC3)OP(OC4=C(C2)C=C(C=C4C5CCCCC5)C)O,0
CC1C(C2=C(C1(C)C)C3C(CC2)COCO3)(C)C,0
COC1=C(C=C2C=CNC(=O)CC2=C1)OC,0
CC(COCCCO)OP(OCCOCCO)OCCOC(C)(C)C(C)(C)O,0
CN1C(=NC(=O)C(=O)N1)SCC2=C(N3[C@@H]([C@@H](C3=O)N)SC2)C(=O)O,0
CCO[Si](C)(CCCN([Si](C)(C)C)[Si](C)(C)C)OCC,0
CC1=CC2=C(C=C1)C(=O)NC(=O)O2,0
C1CC(=CCC1C2CCC3(CC2)OCCO3)C4=CC(=C(C=C4)F)F,0
CC#CCN1C2=C(N=C1Br)N(C(=O)NC2=O)C,0
CCCCCCCCC(C)C(C)CCCCCCCC,0
CC(C)N1C2CCC1CC(=O)C2,0
CC(C)(C)C1CCC2(CC1)OCC(O2)CCl,1
COCC1(C2=CC=CC=C2C3=CC=CC=C31)COC,0
CC(C)(C)C1=CC(=C(C(=C1)C(C)(C)C)OP2OC3=CC=CC=C3C4=CC=CC=C4O2)C5=C(C(=CC(=C5)C(C)(C)C)C(C)(C)C)OP6OC7=CC=CC=C7C8=CC=CC=C8O6,0
CC(C)(C)C1=CC(=CC(=C1OP2OC3=CC=CC=C3C4=CC=CC=C4O2)C5=C(C(=CC(=C5)OC)C(C)(C)C)OP6OC7=CC=CC=C7C8=CC=CC=C8O6)OC,0
CC1=CCC(C1(C)C)/C=C/C(C)(C)C(C)O,1
CCO[Si](COC(=O)C1=C2C=CC=CC2=CC3=CC=CC=C31)(OCC)OCC,0
C1CC2=CC3=C(C=C2C(=O)C1Br)OCC4=C3C=CC(=C4)C(=O)CBr,0
CCN1C2=CC=CC=C2C3=CC=CC=C31,0
CCCCCCCCCCCCCC[C@H]([C@H]([C@H](CO)NC(=O)CCCCCCC/C=C\CCCCCCCC)O)O,0
CCOC(=O)[C@@]12CCC[C@@H]1[C@@H]3CC[C@H]2C3,1
C=CCOC(=O)COC1CCCCC1,0
CCCCCCCCCCCCCCC[N+](C)(C)[O-],1
CC(=O)O[C@H]1[C@H](C[C@@H]2[C@@]1(CC[C@H]3[C@H]2CC[C@@H]4[C@@]3(C[C@@H]([C@H](C4)O)N5CCOCC5)C)C)N6CCCC6,0
C([C@@H](C(=O)O)N)C(=O)O,0
Cc1ccccc1Oc2ccccc2C,0
Nc1ccccc1N,0
CCCCC(CC)COC(=O)CCC1=CC(=C(C(=C1)C(C)(C)C)O)C(C)(C)C,0
CCCCCCCCCC(=O)OC1=CC=C(C=C1)C(=O)O,0
O=C(OCc1ccccc1)c1ccccc1,0
CC1=C(C(=CC=C1)C)OP(=O)(OC2=CC=C(C=C2)C3=CC=C(C=C3)OP(=O)(OC4=C(C=CC=C4C)C)OC5=C(C=CC=C5C)C)OC6=C(C=CC=C6C)C,0
C1=CC=C(C=C1)C2=CC=C(C=C2)C#N,0
C1CC2C3C(C1C2=C(Cl)Cl)C(CCC3=O)O,0
CC1(CCCCC1)OC(=O)C2=CC=CC=C2C(=O)OC3(CCCCC3)C,1
CCCCC(CC)COC(=O)C(CC1=CC(=C(C(=C1)OC)O)OC)C(=O)OCC(CC)CCCC,0
CCCCC(CC)COC(=O)/C=C\C(=O)OCC(CC)CCCC,0
CCCCC(CC)COC(=O)OCC(CC)CCCC,1
CC(C)COC(=O)C1CCCCC1C(=O)OCC(C)C,0
C[Si](C)(C=C)N[Si](C)(C)C=C,0
C1C(O1)COC(=O)C2=CC=CC=C2C(=O)OCC3CO3,0
CCOCCOCCOC(=O)C1CCC(CC1)C(=O)OCCOCCOCC,0
C1=CC(=CC=C1C(=O)OC2=CC=C(C=C2)OC(=O)C3=CC=C(C=C3)O)O,0
C1=CC=C2C(=C1)N=C3N2C(=O)C4=CC=C5C6=C(C=CC3=C46)C(=O)N7C5=NC8=CC=CC=C87,0
CCCCOC(=O)C1=CC=CC=C1N=NC2=C(C(=CC3=CC=CC=C32)C(=O)NC4=CC5=C(C=C4)NC(=O)N5)O,0
CCCCOC(=O)C(=C)C#N,0
CCCCOC(=O)[C@H](C)O,1
CCCCOC(=O)NC(=S)SCCCC,0
C1=CC=C(C=C1)C(=N)C2=CC=CC=C2,1
COC(=O)Nc1nc2ccccc2[nH]1,0
C(=O)(NN)NN,0
C1CC(CCC1CO)CO,0
CO[Si](C)(C1CCCCC1)OC,1
COC1CCCC1,1
C([C@@H](C(=O)O)N)SSC[C@@H](C(=O)O)N,0
C1=CC=C(C=C1)CC(C(=O)NC2=CC=C(C=C2)[N+](=O)[O-])NC(=O)CNC(=O)CNC(=O)CCC(=O)O,1
CCCCCC#CCC=C,0
CCCCCCCCCC(=O)OOC(=O)CCCCCCCCC,0
CCCCCCCCCC[N+](C)(C)[O-],0
C(CO)COCC(C(C(C(COCCCO)OCCCO)OCCCO)OCCCO)OCCCO,0
COC(=O)C(C1=CC=CS1)(C2=CC=CS2)O,0
CCCCOC(=O)/C=C/C(=O)OCCCC,0
CCO[Si](C)(CCCOCC1CO1)OCC,0
CCOC(=O)C1=NN(C(=O)C1N=NC2=C(C=C(C=C2)C3=CC(=C(C=C3)N=NC4C(=NN(C4=O)C5=CC=CC=C5)C(=O)OCC)Cl)Cl)C6=CC=CC=C6,0
CCOC(=O)C[C@@H](C(=O)OCC)NCCC[Si](OC)(OC)OC,0
CCOC(=O)C1=CC(=NC=C1)C(=O)OCC,0
CCOP(C1=CC=CC=C1)OCC,1
CC(C)OC(=O)CCC(=O)OC(C)C,0
CC(C)CCCCCCCCCCOC(=O)CCCCC(=O)OCCCCCCCCCCC(C)C,0
CC(C)CCCCCCCCCCOP(OCCCCCCCCCCC(C)C)OC1=CC=CC=C1,0
CC(C)CCCCCCCCCCO[P+](=O)OCCCCCCCCCCC(C)C,0
CO[Si](C)(CCCOCC1CO1)OC,0
CC(=O)C(C(=O)NC1=CC2=C(C=C1)NC(=O)N2)N=NC3=CC(=CC(=C3)C(=O)OC)C(=O)OC,0
COP(=O)(C=C)OC,0
CCCP(=O)(OC)OC,0
COC(=O)CCC(=O)OC,0
CCCN(C)C,1
CCCCCCCCCCCCCC[N+](C)(C)[O-],1
CCCCCCCCCCCCCCCCCCSSCCCCCCCCCCCCCCCCCC,0
CCCCCCCCOC(=O)OCCCCCCCC,0
C1=CC=C(C=C1)S(=O)(=O)C2=CC=CC=C2,0
O=C(c1ccccc1)c1ccccc1,0
C1=CC=C(C=C1)[Si](C2=CC=CC=C2)(O)O,0
CCCCCCCCCCCCCCCCCCCCCCOC(=O)C1=CC=C(C=C1)O,0
CCCCCCCCCCCCCCCCCCCCCCOC(=O)C(=C)C,0
C[Si]1(O[Si](O[Si](O[Si](O[Si](O[Si](O1)(C)C)(C)C)(C)C)(C)C)(C)C)C,0
CCCCCCCCCCCC(=O)OOC(=O)CCCCCCCCCCC,0
CCCCCCCCCCCCOC(=O)C=C,1
CCCCCCCCCCCC[N+](C)(C)CC(CS(=O)(=O)[O-])O,0
CC(C)N1C2CCC1CC(C2)OC(=O)C(CO)C3=CC=CC=C3,0
CC(C)N1C2CCC1CC(C2)O,0
CC(=O)CC(=O)OCCOC(=O)CC(=O)C,0
C1=CC(=C(C=C1C(=O)CCl)Cl)O,0
C=COC(=O)CCl,1
CCCCCCCCCCCC(=O)OC=C,0
COCCO[Si](C=C)(OCCOC)OCCOC,0
CCOC(=O)[C@H]([C@@H](C)O)N,0
CCOC(=O)C1=CC2C(C(C1)OS(=O)(=O)C)OC(O2)(C)C,0
CCOC(=O)CNC1=CC=C(C=C1)C2=NOC(=O)N2,0
CCOC(=O)C1=NN(C2=C1CCN(C2=O)C3=CC=C(C=C3)[N+](=O)[O-])C4=CC=C(C=C4)OC,0
CCOC(=O)C1=NN(C2=C1CCN(C2=O)C3=CC=C(C=C3)N4CCCCC4=O)C5=CC=C(C=C5)OC,0
CCOC(=O)C1(CCCCC1)OC(=O)CC2=C(C=C(C=C2)Cl)Cl,0
CCOC(=O)C1=CN(C2=CC(=C(C=C2C1=O)F)F)C3CC3,0
CCOC(=O)C1=CC=CC=C1S(=O)(=O)NC(=O)NC2=NC(=CC(=N2)Cl)OC,0
CCOC(=O)C1CC(=O)NN1C2=C(C=CC=N2)Cl,0
CCOC(=O)C1=C(N=C(S1)C2=CC=C(C=C2)O)C,0
CCOC(=O)CC#N,0
CCOC1=C(C=C(C=C1)S(=O)(=O)N2CCN(CC2)C)C(=O)OCC,0
CCOC(=O)CC(C)CC(C)(C)C,0
CCOC(=O)CCN1C2=C(C[C@@H](CC2)N[C@@H](C)C3=CC=CC=C3)C4=CC=CC=C41,0
CCOC(=O)CC(=O)C1=C(C=C(C(=C1)CC2=C(C(=CC=C2)Cl)F)OC)OC,0
CCOC(=O)C1CCC(CC1=O)C,0
CCOC(=O)N1CCC(=O)CC1,0
CCOC(=O)C1=NN(C(=O)C1)C2=CC=CC=C2,0
CCOC(=O)C1=CN(C2=C(C1=O)C=C(C(=C2)OC)CC3=C(C(=CC=C3)Cl)F)[C@H](CO)C(C)C,0
CCOC(=O)CCCCC(CCCl)Cl,0
CCOC(=O)CC(=O)C1=CC=CC=C1,0
CCOC(=O)/C(=N/O)/C#N,1
CCOC(=O)[C@@H]1[C@H](CCCC1(C)C)C,1
CC(=CCCC(=CCCC(=CCO)C)C)C,1
C1=NC(=O)NC(=C1F)N,0
C1=CC=C(C=C1)F,0
C([C@@H]1[C@H]([C@@H]([C@H]([C@@H](O1)O)O)O)O)O,0
C(C(CO)O)O,0
C(C(=O)O)N,0
CCOC(=O)CNC(=O)C(C(C)C)N(C1=CC=CC(=C1)C(F)(F)F)C(=O)C,0
CC/C=C\CCOC(=O)C1CC1,0
C(=O)(C(Cl)(Cl)Cl)C(Cl)(Cl)Cl,0
CCCCCCCCCCCCCCCCOC(=O)C(CC)CCCC,0
CCCCCCCCCCCCCCCCOC(=O)C1=CC(=C(C(=C1)C(C)(C)C)O)C(C)(C)C,0
C[Si]1(O[Si](O[Si](O1)(C)C)(C)C)C,0
C1=CC=C(C=C1)OP2(=NP(=NP(=N2)(OC3=CC=CC=C3)OC4=CC=CC=C4)(OC5=CC=CC=C5)OC6=CC=CC=C6)OC7=CC=CC=C7,0
CCCCCCOC(=O)C1=CC=CC=C1C(=O)C2=C(C=C(C=C2)N(CC)CC)O,0
C1C(=O)NC(=O)N1,0
CC(C)CCCCCCCCCCCCCCC(=O)OCC(C)(C)COC(=O)CCCCCCCCCCCCCCC(C)C,0
CC(C)CCOC(=O)/C=C/C1=CC=C(C=C1)OC,0
CC(=C)OC(=O)C,0
CC(C)OC(=O)C(C)(C)Br,0
CCC(C)C(=O)OC(C)C,0
C([C@@H](C(=O)O)N)S,0
C1=CC=C2C(=C1)C(=CN2)C[C@@H](C(=O)O)N,0
C([C@@H]([C@H]([C@@H](C(=O)C(=O)O)O)O)O)O,0
COC(=O)/C(=N/OC)/C1=CC=CC=C1CCl,0
CC1=CC(=C(C=C1)C)OCC2=CC=CC=C2/C(=N\OC)/C(=O)OC,0
CO/C=C(\C1=CC=CC=C1COC2=CC=CC(=N2)C(F)(F)F)/C(=O)OC,0
COC(=O)[C@@H](C1=CC=C(C=C1)O)N,0
C[C@H]([C@@H](C(=O)OC)N)O,0
CC(=O)N[C@@H]1[C@H](C[C@](O[C@H]1[C@@H]([C@@H](CO)O)O)(C(=O)OC)O)O,0
CO/C(=C/1\C2=C(C=C(C=C2)C(=O)OC)N(C1=O)C(=O)CCl)/C3=CC=CC=C3,0
CO/C(=C/1\C2=C(C=C(C=C2)C(=O)OC)NC1=O)/C3=CC=CC=C3,0
COC(=O)N[C@@H](CC1=CC=CC=C1)[C@@H](CCl)O,0
COC(=O)C1=CC2=C(CC(=O)N2C(=O)CCl)C=C1,0
COC(=O)C1=CC(=NN1C2=C(C=CC=N2)Cl)CO,0
COC(=O)C1(CC(=NN1C2=C(C=CC=N2)Cl)CO)O,0
CCOC1=NC2=CC=CC(=C2N1CC3=CC=C(C=C3)C4=CC=CC=C4C#N)C(=O)OC,0
CC(C(=O)OC)N(CC(=O)OC)C1=C(C=C(C(=C1)NC(=O)C)N=NC2=C(C=C(C=C2Cl)[N+](=O)[O-])C#N)OC,0
CC(C)(C1=CC=C(C=C1)Br)C(=O)OC,0
COC(=O)COC1=NC(=C(C(=C1Cl)N)Cl)F,0
COC(=O)C1=CC=CC=C1OS(=O)(=O)C2=CC=C(C=C2)O,0
CCOC(=S)SC(C)C(=O)OC,1
COC(=O)C1=C(C(=CC=C1)[N+](=O)[O-])NCC2=CC=C(C=C2)C3=CC=CC=C3C#N,0
CCOC1=NC(=NC(=N1)NC(=O)NS(=O)(=O)C2=CC=CC=C2C(=O)OC)NC,0
COC(=O)C1=C(C=C(C=C1)C(=O)NC2=C(C=CC(=C2)Cl)Cl)N,0
COC(=O)C1=C(C=CC(=C1)F)N,0
CCOC1=NC2=CC=CC(=C2N1CC3=CC=C(C=C3)C4=CC=CC=C4C5=NNN=N5)C(=O)OC,0
COC(=O)C1=CC(=NN1C2=C(C=CC=N2)Cl)CCl,0
CC(=O)NC1=CC(=NC(=C1Cl)C(=O)OC)Cl,0
CN1C=C(C2=C1C=C(C=C2)C(=O)OC)C3CCCC3,0
CC(=CC(=O)OC)C,0
CC1=C(C(=CS1)C(=O)OC)S(=O)(=O)N=C=O,0
COC(=O)C1=C(C=C(C=C1)C(=O)NC2=C(C=CC(=C2)Cl)Cl)[N+](=O)[O-],0
COC(=O)CC1=C(SC(=C1C#N)N(CC(=O)OC)CC(=O)OC)C(=O)OC,0
COC(=O)CC1=C(SC(=C1C#N)N)C(=O)OC,0
CCCCCC(=O)OC,0
COC(=O)CCCCCCCCC=C,0
CO/C=C(/C1=CC=CC=C1CCl)\C(=O)OC,0
CCCCCCCC(=O)NCC(=O)O,0
CC(=O)NC1CC(NC(C1)(C)C)(C)C,0
COC(CNC(=O)C=C)OC,0
CC(=O)NC1=C(C=CC(=C1)OC)OC,0
CCCCCCCCN(CCC(=O)O)CCC(=O)O,0
CN(C)C=NC1=CC(=C(C=C1C#N)[N+](=O)[O-])OC,0
CCCCC(CC)CNC1=C(C2=CC=CC=C2C=C1)N=NC3=CC(=C(C=C3)N=NC4=CC=CC(=C4)C)C,1
CCCCC(CC)CNC(=O)CC(C)CC(C)(C)C,0
CCCCCCCC(=O)NCCN(CCC(=O)O)CCO,0
C=CC(=O)NCCO,0
CC1=CC(=C(C=C1)OC)NC(=O)C,0
CC(=O)CC(=O)NC1=CC=CC=C1OC,0
CO[Si](CCCNCCN)(OC)OC,0
CCCCCCCCCCCCCCCC(=O)NC1=CC(=C(C(=C1O)Cl)CC)Cl,0
C[Si](C)(C)O[Si](CCCNC(=O)C=C)(O[Si](C)(C)C)O[Si](C)(C)C,0
CCCS(=O)(=O)NC1=C(C(=C(C=C1)F)C(=O)C2=CNC3=C2C=C(C=N3)Br)F,0
CC(=O)C(C(=O)NC1=CC=C(C=C1)S(=O)(=O)NCCCN(C)C)N=NC2=C(C=C(C=C2)[N+](=O)[O-])OC,0
CC(=O)NC1=CC=C(C=C1)NC(=O)C2=CC3=CC=CC=C3C=C2O,0
CC(=O)NC1=CC=C(C=C1)NC(=O)C2=CC3=CC=CC=C3C(=C2O)N=NC4=C(C=CC(=C4)C(=O)N)Cl,0
COC1=C(C2=C(C(=C1)NS(=O)(=O)C3=CC=CC=C3)C(=O)C4=CC=CC=C4C2=O)N,0
COC1=C(C=C(C=C1)C(=O)NC2=CC=C(C=C2)C(=O)N)[N+](=O)[O-],0
C1=CC(=CC=C1C(=O)N)NC(=O)C2=CC=C(C=C2)[N+](=O)[O-],0
CC(=O)C(C(=O)NC1=CC(=C(C=C1OC)Cl)OC)N=NC2=CC(=C(C=C2OC)S(=O)(=O)NC3=CC=CC=C3)OC,0
COC1=CC(=C(C=C1NC(=O)C2=CC3=CC=CC=C3C=C2O)OC)Cl,0
CC(=O)CC(=O)NC1=CC(=C(C=C1OC)Cl)OC,0
CN(C)S(=O)(=O)C1=C(C=C(C(=C1)Cl)N=NC2=C(C(=CC3=CC=CC=C32)C(=O)NC4=CC=C(C=C4)Cl)O)Cl,0
CC(C)N(C1=CC=C(C=C1)F)C(=O)CO,0
CC(=O)C(C(=O)NC1=C(C=CC(=C1)Cl)OC)N=NC2=C(C=C(C=C2)[N+](=O)[O-])OC,0
CC1=C(C=C(C=C1)Cl)NC(=O)C2=CC3=CC=CC=C3C(=C2O)N=NC4=C(C=CC(=C4)C(=O)NC5=CC=CC=C5)OC,0
C[N+](C)(CCCNS(=O)(=O)CCC(C(C(C(C(C(F)(F)F)(F)F)(F)F)(F)F)(F)F)(F)F)CC(=O)[O-],0
CCCCCCCCCCCCC1=CC=CC=C1NC2=CC=CC3=CC=CC=C32,0
C1=CC=C2C(=C1)C=C(C(=C2N=NC3=C(C=CC(=C3)Cl)Cl)O)C(=O)NC4=CC(=C(C=C4Cl)NC(=O)C5=CC6=CC=CC=C6C(=C5O)N=NC7=C(C=CC(=C7)Cl)Cl)Cl,0
C(CCC(=O)N(CCO)CCO)CC(=O)N(CCO)CCO,0
CC(CN(CC(C)O)C(=O)CCCCC(=O)N(CC(C)O)CC(C)O)O,0
CC(CN(CC(C)O)C(=O)C1=CC=CC=C1)O,0
C1C(O1)CN(CC2CO2)C3=CC=CC=C3,0
CC(C)C1=C(C(=CC=C1)C(C)C)N=C=NC2=C(C=CC=C2C(C)C)C(C)C,0
CCCCN(C1CC(N(C(C1)(C)C)C)(C)C)C2=NC(=NC(=N2)N3CCCC3)N(CCCC)C4CC(N(C(C4)(C)C)C)(C)C,0
CCCCCCCC/C=C\CCCCCCCC(=O)N(CCCC)CCCC,1
CCCCCCCCCC(=O)N(C)C,1
CC(=O)N(CCN(C(=O)C)C(=O)C)C(=O)C,0
CCO[Si](CNC1CCCCC1)(OCC)OCC,0
CN1C=C(C(=N1)C(F)F)C(=O)NC2=CC=CC3=C2C4CCC3C4=C(Cl)Cl,0
CCN(CC)C1=CC(=C(C=C1)N=NC2=C(C=C(C=C2C#N)[N+](=O)[O-])C#N)NC(=O)C,0
CCN(CC)C1=CC(=C(C=C1)N=NC2=C(C=C(C=C2C#N)C)C#N)NS(=O)(=O)C,0
CCN(CC)C1=CC(=C(C=C1)N=NC2=C(C=C(C=C2Br)[N+](=O)[O-])[N+](=O)[O-])NC(=O)C,0
CCN(CC)C1=CC(=C(C=C1)N=NC2=C(C=C(C=C2Cl)[N+](=O)[O-])[N+](=O)[O-])NC(=O)C,0
CC1CC(=O)NN=C1C2=CC(=C(C=C2)NC(=O)C3=CC=C(C=C3)OC)N,0
CCN(CC)CCCNC(=O)C1=CC=C(C=C1)N=NC(C(=O)C)C(=O)NC2=CC3=C(C=C2)NC(=O)N3,0
CCO[Si](CCCNCCN)(OCC)OCC,1
CC(C)(C)C(=O)NC1=CC(=CC(=C1)NC(=O)C(C)(C)C)NC(=O)C(C)(C)C,0
CC(=O)CC(=O)NC1=CC=C(C=C1)OC,0
CC(=O)CC(=O)NC1=C(C=CC(=C1)Cl)OC,0
CCN(C(=O)C)[Si](C)(C=C)N(CC)C(=O)C,0
CN(C1=C(C=CC=C1F)C(=O)C2=NC(=NC(=N2)OC)OC)S(=O)(=O)C(F)F,0
CC(=O)NC1=C(C=C(C=C1)F)C2=CC(=C(C=C2)Cl)Cl,0
CCCS(=O)(=O)NC1=C(C(=C(C=C1)F)C(=O)C2=CN(C3=C2C=C(C=N3)C4=CC=C(C=C4)Cl)C(=O)C5=C(C=CC=C5Cl)Cl)F,0
CCCS(=O)(=O)NC1=C(C(=C(C=C1)F)C(=O)C2=CN(C3=C2C=C(C=N3)Br)C(=O)C4=C(C=CC=C4Cl)Cl)F,0
CC1=CC(=NC(=N1)NS(=O)(=O)C2=CC=C(C=C2)NC(=O)C(=C)C)C,0
CC(=O)NC1=C(C=CC(=C1)N(CCOC)CCOC)N=NC2=C(C=C(C=C2C#N)[N+](=O)[O-])C#N,0
C(CNCCO)C(=O)N,0
CC1(CC(CC(N1)(C)C)NC(=O)C2=CC(=CC=C2)C(=O)NC3CC(NC(C3)(C)C)(C)C)C,0
CC(C)CCC(C)NC1=CC=C(C=C1)NC(C)CCC(C)C,0
C1CC1NC2=NC(=NC(=N2)N)N,0
C1=CC=C(C=C1)C(=O)NC2=CC=NC(=O)N2,0
C1=CC(=C[N+](=C1)[C@H]2[C@@H]([C@@H]([C@H](O2)COP(=O)(O)OP(=O)(O)OC[C@@H]3[C@H]([C@H]([C@@H](O3)N4C=NC5=C(N=CN=C54)N)O)O)O)O)C(=O)N,0
C1=CC2=C(C=CC=C2O)C(=C1)O,0
C=CC(=O)NCC1=CC=CC=C1,0
CCCCNS(=O)(=O)C1=CC=CC=C1,0
CCCC(=O)NC(C)C(=O)O,0
CN(CC(=O)O)C(=N)N,0
CCN(C1CCCCC1)C(=O)Cl,0
COC1=CC=CC=C1C(=O)NS(=O)(=O)C2=CC=C(C=C2)C(=O)NC3CC3,0
CCN(C)C(=O)Cl,1
CC(C)NC(=O)C(=C)C,0
CNS(=O)(=O)CC1CCC(CC1)N(C)C2=NC=NC3=C2C=CN3,0
CC(=O)NC,0
CCCC(=NO)C,0
CCC(=O)N(C1CCNCC1)C2=CC=CC=C2,0
C=CNC=O,0
C1=CC(=CC=C1N=C=O)OP(=S)(OC2=CC=C(C=C2)N=C=O)OC3=CC=C(C=C3)N=C=O,0
C1=CC(=CC=C1N)OP(=S)(OC2=CC=C(C=C2)N)OC3=CC=C(C=C3)N,0
COP(=S)(OC)Oc1ccc(c(C)c1)[N+](=O)[O-],0
C12(C(C(C(C(C1(F)F)(F)F)(F)F)(F)F)(C(C(C(C2(F)F)(F)F)(F)F)(F)F)F)F,0
CCCCCCCCCCCCCCCCCC(=O)N[C@@H](CO)[C@@H]([C@@H](CCCCCCCCCCCCCC)O)O,0
CCCCCCC(CCCCCCCCCCCO)O,0
C(CCCCCCCCC(=O)O)CCCCCCCC(=O)O,0
C1CCCCCCCC(=O)OCCCCCCC1,0
CC1=CC=CC=C1OCC2CO2,0
CCCCC(CC)CNC(=O)C1=CC=C(C=C1)N=NC2=C(C(=C(N(C2=O)C)O)C#N)C,0
C(C#N)C(=O)OCC(COC(=O)CC#N)(COC(=O)CC#N)COC(=O)CC#N,0
CCCC(CO)O,0
C1(C(C(C(C(C1(F)F)(F)F)(F)F)(F)F)(F)F)(C(F)(F)F)F,0
C12C(NC(=O)N1)NC(=O)N2,0
CCCCC(CC)COC(=O)C1=CC=C(C=C1)[N+](=O)[O-],0
CC(C)(C(=O)OCC=C)OC(=O)C1=C(C=CC(=C1)N=C=O)Cl,0
CC(C)(C(=O)OCC=C)OC(=O)C1=C(C=CC(=C1)[N+](=O)[O-])Cl,0
C[C@H]1[C@H]([C@H]([C@@H]([C@@H](O1)O[C@@H]2[C@H](C[C@H](C[C@H]2O)C(=O)OC(C)C)N=[N+]=[N-])OCC3=CC=CC=C3)OCC4=CC=CC=C4)OCC5=CC=CC=C5,0
CCCCCCCCCCCC(=O)N(C)CC(=O)OC(C)C,0
CC(C)OC(=O)C1=CC2=C(C=C1)C(=C(N2C)Br)C3CCCC3,0
CC(C)OC(=O)C1=CC2=C(C=C1)C(=CN2C)C3CCCC3,0
CC(C)OC(=O)CC(=O)C,0
C[C@@H](C(=O)OC(C)C)N[P@](=O)(OC1=CC=CC=C1)OC2=C(C(=C(C(=C2F)F)F)F)F,0
CCCOC(=O)[C@H](C)O,0
CN(C)C(=O)OC1=CN=CC=C1,0
C1CC(=O)NC1,0
C1CC(=O)NC1=O,0
CC(=C)C(=O)OC1=CC=CC=C1,0
COC1=CC(=NC(=N1)NC(=O)OC2=CC=CC=C2)OC,0
C=CCCC(=O)OC1=CC=CC=C1,0
CCCCOP(=O)(C)CCC(C#N)OC(=O)C,0
CC(C)C1=CC2=CC[C@@H]3[C@@]([C@H]2CC1)(CCC[C@@]3(C)C(=O)OCC(CO)O)C,0
CC(C)C1=CC2=CC[C@@H]3[C@@]([C@H]2CC1)(CCC[C@@]3(C)C(=O)OCC(CO)(CO)CO)C,0
CC(C)C1=CC2=CCC3[C@@]([C@@H]2CC1)(CCC[C@]3(C)C(=O)OC)C,0
CCCCCCCC(=O)OC([C@@H]([C@H]([C@@H]([C@@H](CO)O)O)O)O)O,0
C[C@@H]1[C@H]([C@H]([C@@H](O1)OC(=O)C)OC(=O)C)OC(=O)C,0
C(CC(=O)O)C(=O)O,0
CC(C)OC(=O)OOC(C)(C)C,1
CC(C)(C)OC(=O)N1CCC[C@H]1C2=CC(=NN2)C3=CC=C(C=C3)C4=CC=C(C=C4)C5=CN=C(N5)[C@@H]6CCCN6C(=O)OC(C)(C)C,0
CC(C)(C)CCCCCC(=O)OOC(C)(C)C,1
CC(C)(C)C(=O)OOC(C)(C)C,1
CC(C)(C)OC(=O)C[C@H]1C[C@H](OC2(O1)CCCC2)CC#N,0
CC(C)C1=C(C(=C(N1CC[C@@H]2C[C@@H](OC3(O2)CCCC3)CC(=O)OC(C)(C)C)C4=CC=C(C=C4)F)C5=CC=CC=C5)C(=O)NC6=CC=CC=C6,0
CC(C)(C)OC(=O)N[C@@H](CC1=CC=CC=C1)[C@H](CN(CC2=CC=C(C=C2)C3=CC=CC=N3)NC(=O)OC(C)(C)C)O,0
CC(=C)C(=O)OC(C)(C)C,1
CC(C)C(=O)OOC(C)(C)C,0
CC(C)(C)OC(=O)N1CCN(CC1)C2=CN=C(C=C2)NC3=NC=C4C=C(N(C4=N3)C5CCCC5)C(=O)N(C)C,0
CC(C)(C)OC(=O)N1CCN(CC1)C2=CN=C(C=C2)N,0
CC(=O)C1=CC2=C(C=C1)C3(CN(C3)C(=O)OC(C)(C)C)OC2,0
CC1=CC=C(C=C1)S(=O)(=O)OC2=C(N=CC(=C2)Br)N(C(=O)OC(C)(C)C)C(=O)OC(C)(C)C,0
CC(C)N1C2=CC=CC=C2C(=C1/C=C/[C@H](C[C@H](CC(=O)OC(C)(C)C)O)O)C3=CC=C(C=C3)F,0
CCCCCCCCCCCCCCOC(=O)C(=C)C,0
CCCCCCCCCCCCCCOC(=O)C=C,1
C=C[Si](C=C)(C=C)C=C,0
CCCCOCCO[Si](OCCOCCCC)(OCCOCCCC)OCCOCCCC,1
CC(=O)C(C(=O)NC1=CC=C(C=C1)NC(=O)C(C(=O)C)N=NC2=C(C=CC(=C2)C(=O)OC)C(=O)OC)N=NC3=C(C=CC(=C3)C(=O)OC)C(=O)OC,0
C[Si](C)(C)C,0
CCCO[Si](OCCC)(OCCC)OCCC,0
CC1=CN(C(=O)NC1=O)[C@H]2C[C@@H]([C@H](O2)CO)O,0
CCCC1CCC(CC1)C2CCC(CC2)C3=CC(=C(C=C3)C4=CC(=C(C(=C4)F)F)F)F,0
CCCCC1COC(OC1)C2=CC(=C(C=C2)C3=CC(=C(C(=C3)F)C(OC4=CC(=C(C(=C4)F)F)F)(F)F)F)F,0
CCCCC1COC(OC1)C2=CC=C(C=C2)C3=CC(=C(C=C3)C4=CC(=C(C(=C4)F)F)F)F,0
C([C@@H]1[C@H]([C@@H]([C@H]([C@H](O1)O[C@@H]2[C@@H]([C@H]([C@@H]([C@H](O2)CO)O)O)O)O)O)O)O,0
Clc1nc(Cl)nc(Cl)n1,1
CCCCCCCCCC/C=C/C,0
CCO[Si](CC(C)CC(C)(C)C)(OCC)OCC,0
CCO[Si](CCC(C(C(C(C(C(F)(F)F)(F)F)(F)F)(F)F)(F)F)(F)F)(OCC)OCC,0
CCO[Si](CCCOCC1CO1)(OCC)OCC,0
CCO[Si](OCC)OCC,1
CC(C)C[Si](OC)(OC)OC,1
COC(OC)OC,0
CCCCCCCCCCCCCCCCCCO[Si](C)(C)C,0
C[SiH](C)C,0
C1COCCN1P(=O)(N2CCOCC2)N3CCOCC3,0
O=P(Oc1ccccc1)(Oc1ccccc1)Oc1ccccc1,0
C1=CC=C(C=C1)C2=CC=C(C=C2)C3=NC(=NC(=N3)C4=CC=C(C=C4)C5=CC=CC=C5)C6=CC=C(C=C6)C7=CC=CC=C7,0
B(OCC(CC)CCCC)(OCC(CC)CCCC)OCC(CC)CCCC,0
CC(C)CCCCCCCCCCOP(OCCCCCCCCCCC(C)C)OCCCCCCCCCCC(C)C,0
CC(C)CCCCCN(CCCCCC(C)C)CCCCCC(C)C,1
CC1=CC(=C(C(=C1CN2C(=O)N(C(=O)N(C2=O)CC3=C(C(=C(C=C3C)C(C)(C)C)O)C)CC4=C(C(=C(C=C4C)C(C)(C)C)O)C)C)O)C(C)(C)C,0
B(OCCOCCOCCOC)(OCCOCCOCCOC)OCCOCCOCCOC,0
CCOC1=CC=C(C=C1)C2=NC(=NC(=N2)C3=CC=CC=C3)C4=CC=CC=C4O,0
CCCCCCCC/C=C/CCCCCCCCNC(=O)CCCCCCC/C=C\CCCCCCCC,0
C(=O)(N)N,0
CC1(CC(CC(C1)(C)CNC(=O)N(C)C)NC(=O)N(C)C)C,0
C1=NC2=C(N1)C(=O)NC(=O)N2,0
CCOC(=O)C(C)(C)C1=CC=CC=C1,0
CC(CN=CC1=CC=CC=C1O)N=CC2=CC=CC=C2O,0
C1=CC=C(C=C1)C(C2=NC3=CC=CC=C3N2)O,0
CC1=C(C(CCC1)(C)C)/C=C/C(=C/C=C/C(=C/C=C/C=C(/C=C/C=C(/C=C/C2=C(CCCC2(C)C)C)\C)\C)/C)/C,0
C(CN)C(=O)O,0
CC(C)[C@@H]1CC[C@@H](C)C[C@H]1O,1
BrCCc1ccccc1,0
CNC(=O)/C(=N/OC)/c1ccccc1COc1cc(C)ccc1C,0
O=C(C1=C(C)C(Cl)=CN=C1OC)C2=C(C)C=C(OC)C(OC)=C2OC,0
CNC(=N[N+](=O)[O-])NCc1cnc(Cl)s1,0
ClC(Cl)C(Cl)(Cl)SN1C(=O)C2CC=CCC2C1=O,1
CC(c1ccc(nc1)C(F)(F)F)[S+](=NC#N)(C)[O-],0
[O-][N+](=O)N=C1NCCN1Cc1ccc(Cl)nc1,0
N(c1ccccc1)c1cccc2ccccc12,0
O=c1oc(=O)c2cc3c(cc12)c(=O)oc3=O,1
CC(Cl)(Cl)Cl,1
BrC(Br)C(Br)Br,1
ClC(Cl)C(Cl)Cl,1
ClCC(Cl)Cl,1
CC(Cl)(Cl)[N+](=O)[O-],1
CC(Cl)Cl,1
C1CCc2ccccc2C1,1
ClCC(Cl)CCl,0
ClC1CC2C(C1Cl)C1(Cl)C(=C(Cl)C2(Cl)C1(Cl)Cl)Cl,1
Clc1cc(Cl)c(Cl)cc1Cl,0
Cc1ccc(C)c(C)c1,1
[O-][N+](=O)c1cccc(Cl)c1Cl,1
[O-][N+](=O)c1ccc(Cl)c(Cl)c1,0
CC(Cl)CCl,1
C1N2CN3CN1CN(C2)C3,0
Cc1cc(C)cc(C)c1,1
CC(C)(COCC1CO1)COCC1CO1,1
C1OC1C1CO1,1
OC(CCl)CCl,1
ClCCCCl,1
CC(C)CC(C)OC(=O)C,1
C(CCOCC1CO1)COCC1CO1,1
CCc1ccc(CC)cc1,1
C1COCCO1,1
Nc1cccc2c(N)cccc12,0
O=C=Nc1cccc2c(cccc12)N=C=O,1
CCCCO,1
[O-][N+](=O)c1ccc(Cl)c(c1)[N+](=O)[O-],1
CC(C)(C)C(=O)CCl,1
CCCCCl,1
Clc1cccc2ccccc12,1
[O-][N+](=O)c1ccc(F)c(c1)[N+](=O)[O-],1
CCCCCCCO,1
CNC(=N[N+](=O)[O-])NCC1CCOC1,0
CC(C)CC(C)c1sccc1NC(=O)c1cn(C)nc1C(F)(F)F,0
CCCCCCCCC=O,1
CCCCCO,1
CCCOCC(C)O,1
CC(O)COc1ccccc1,0
OCCN1CC1,1
COCCOCCO,0
CC(C)(C)c1ccc(OC2CCCCC2OS(=O)OCC#C)cc1,1
OC(c1ccc(Cl)cc1)(c1ccc(Cl)cc1)C(Cl)(Cl)Cl,1
C(OCC1CO1)C1CO1,1
CC(C)(N=NC(C)(C)C#N)C#N,0
NC(=O)C(Br)(Br)C#N,1
CC(Cl)(Cl)C(=O)O,1
CC(C)(C)C(=O)O,1
ClC(=O)OCCOCCOC(=O)Cl,1
OCCSCCO,0
ClCC(Cl)C(=C)Cl,1
Cc1ccc(C)c(O)c1C,1
Clc1cc2Oc3cc(Cl)c(Cl)cc3Oc2cc1Cl,1
O=c1c2ccccc2c(=O)c2=c1sc(c(s2)C#N)C#N,0
ClC1=C(Cl)C(=O)c2ccccc2C1=O,1
ClCC(=C)Cl,1
O=CC1CO1,1
CC(C)OCC1CO1,1
OC(=O)COc1cc(Cl)c(Cl)cc1Cl,1
Oc1cc(Cl)c(Cl)cc1Cl,1
Oc1c(Cl)cc(Cl)cc1Cl,1
CC1OC(C)OC(C)O1,1
Cc1cc(C)c(N)c(C)c1,1
Cc1c(cc(cc1[N+](=O)[O-])[N+](=O)[O-])[N+](=O)[O-],1
Oc1ccc(Br)cc1Br,1
[O-][N+](=O)c1ccc(Cl)cc1Cl,0
[O-][N+](=O)c1ccc(Oc2ccc(Cl)cc2Cl)cc1,1
Cc1ccc(Cl)cc1Cl,1
Oc1ccc(cc1[N+](=O)[O-])[N+](=O)[O-],1
Cc1ccc(N)cc1N,0
Cc1cc(ccc1[N+](=O)[O-])[N+](=O)[O-],1
Clc1cccc(Cl)c1C#N,0
Oc1c(Cl)cccc1Cl,1
CC(C)CC(O)CC(C)C,0
N#CSCSc1nc2ccccc2s1,1
CO[Si](CCCOCC1CO1)(OC)OC,0
CC(C)(N)CO,1
CP(=O)(O)CCC(N)C(=O)O[N+],0
CCC(C)Br,0
CCC(C)O,0
C1CCC(CC1)c1ccccc1c1ccccc1,1
N#CC(=C1CCCCC1)c1ccccc1,0
ClC(=C)C=C,1
CC(Cl)CO,1
CCCOCCN(C(=O)CCl)c1c(CC)cccc1CC,1
Clc1cccc(n1)C(Cl)(Cl)Cl,0
ClCC(=O)c1ccccc1,1
CCNc1nc(NC(C)C)nc(SC)n1,0
CCCCC(CC)COC(=O)C(=C)C,1
CCCCC(CC)CO[N+](=O)[O-],0
CCCCCCOCCO,1
OCCS,1
COc1ccc(C)cc1N,1
COCCOC(=O)C(C#N)(C(=O)c1ccccc1C(F)(F)F)c1ccc(cc1)C(C)(C)C,0
COCCOC(=O)C=C,1
CCC(C)(C)O,1
CCC(C)COC(=O)C,1
Cc1c(N)cccc1N,1
CCCC(C)C,1
Cc1ccccc1[N+](=O)[O-],0
CC(C)C(=O)OCCOc1ccccc1,0
Cc1ccc(O)c(c1)C(C)(C)C,1
CN1CCC[C@H]1c1cccnc1,1
CN(C)C(=O)Nc1ccc(Cl)c(Cl)c1,0
CC(C)(C)c1ccc(CCC=O)cc1,1
CSCCC=O,1
ClCC(Cl)C=C,0
Nc1ccc(Cl)c(Cl)c1,0
Clc1nsc(C(=O)Nc2ccccc2C#N)c1Cl,0
Clc1ccc(cc1Cl)N=C=O,0
Cc1ccc(Cl)c(Cl)c1,0
COC1CCC=CO1,1
COc1ccc(C=O)cc1OC,1
CC(CCO)CC(C)(C)C,1
CCC(C)(O)CCCC(C)C,1
CN1COCN(Cc2cnc(Cl)s2)C1=N[N+](=O)[O-],0
BrCC#C,1
OCC(CBr)(CBr)CBr,0
O=c1[nH]c2CCCc2c(=O)n1C1CCCCC1,0
CSc1ccc(O)cc1C,1
CC(C)CC=O,1
CC(Cc1ccc(cc1)C(C)C)C=O,1
Cc1cc(cc(c1O)[N+](=O)[O-])[N+](=O)[O-],1
Nc1ccc(Cl)cc1[N+](=O)[O-],1
Nc1ccc(Cl)cc1N,1
Clc1ccc(OS(=O)(=O)c2ccccc2)cc1,1
CC(C)c1ccc(O)cc1C,0
C=C1CC(=O)O1,1
CC1CC(=O)O1,1
Cc1ccncc1,1
COc1cc(ccc1N)[N+](=O)[O-],0
CC=C1CC2CC1C=C2,1
CC(=CCCC(=C)C=C)C,1
C1OC1C1CCC2OC2C1,1
O=C1c2ccccc2C(=O)c2ccccc12,0
CC(=O)Nc1ccccc1,0
CC(C)CCOC(=O)C,1
CC(=O)c1ccccc1,1
C=CC#N,1
CCCCCCCCCCCCCCO,0
ClC(=O)OCC=C,1
C=CCN=C=S,1
CC(=C)c1ccccc1,1
[N+]Oc1c(cc(cc1[N+](=O)[O-])[N+](=O)[O-])[N+](=O)[O-],1
c1ccccc1,1
c1ccc2c(c1)cc1ccc3cccc4ccc2c1c34,1
BrCc1ccccc1,1
OC(=O)C1C(C(=O)O)C2(Cl)C(=C(Cl)C1(Cl)C2(Cl)Cl)Cl,1
ClCCOCOCCCl,1
ClCCOCCCl,1
CCCCC(CC)COC(=O)c1ccccc1C(=O)OCC(CC)CCCC,0
CC(C)(c1ccc(O)cc1)c1ccc(O)cc1,0
CC1(C)C2CCC1(C)C(=O)C2,1
CC(=O)CBr,1
Brc1ccccc1,1
CCCCOC(=O)[C@@H](C)Oc1ccc(Oc2ccc(cc2F)C#N)cc1,1
CCCCOC(=O)CO,0
CCCC=O,0
CSCCC(O)C(=O)O,1
Cn1cnc2n(C)c(=O)n(C)c(=O)c12,0
CC1(C)C2CCC(C2)C1=C,0
BrC(Br)(Br)Br,1
ClC(Cl)(Cl)Cl,1
FC(=O)F,1
C[C@H]1C[C@H](C)C(=O)[C@@H](C1)[C@H](O)CC1CC(=O)NC(=O)C1,1
CC=CC(=O)O,1
CC(C)c1ccccc1,0
C1CCCCC1,1
OC1CCCCC1,1
O=C1CCCCC1,1
C1C=CC=C1,1
C1CCCC1,0
ClC12C(=O)C3(Cl)C4(Cl)C1(Cl)C1(Cl)C2(Cl)C3(Cl)C4(Cl)C1(Cl)Cl,1
CC(CC(CC(CCCC(CC(CC(C)Cl)Cl)Cl)Cl)Cl)Cl,0
CCCl,1
CCCCCCCCC=C,1
CCCCCCCCCC,0
CCCCCCCCCC(=O)O,1
CCCCCCCCCCC1=CC=CC=C1S(=O)(=O)O,1
CC(=O)CC(C)(C)O,1
CC(=O)C(=O)C,1
CC(C)N(C(C)C)C(=O)SCC(=CCl)Cl,1
[N+]OC(=O)C(=O)O[N+],1
C=[N+]=[N-],1
BrCBr,1
CC(Oc1ccc(Cl)cc1Cl)C(=O)O,1
C=CCOC(=O)OCCOCCOC(=O)OCC=C,1
CC(C)CC(=O)CC(C)C,0
CC(C)COC(=O)c1ccccc1C(=O)OCC(C)C,0
CC(C)CCCCCCCOC(=O)c1ccccc1C(=O)OCCCCCCCC(C)C,0
CC(C)OC(=O)OOC(=O)OC(C)C,1
COP(=O)(OC)OC=C(Cl)Cl,1
COC(=O)NC(=S)Nc1ccccc1NC(=S)NC(=O)OC,0
CSSC,1
CS(=O)C,0
COC(=O)c1ccc(cc1)C(=O)OC,0
COP(=S)(OC)Oc1ccc(cc1)[N+](=O)[O-],0
CCCCOC(=O)c1ccccc1C(=O)OCCCC,0
Cc1c(cc(cc1[N+](=O)[O-])[N+](=O)[O-])C(=O)N,1
O=C(Oc1ccccc1)Oc1ccccc1,0
OC(CC(=O)O)C(=O)O,1
CCCCCCCCCCC=C,1
O=C1CCCCCCCCCCCN1,0
OC(=O)C1C2CCC(O2)C1C(=O)O,1
O=C1CCCCCN1,1
CCO,0
CCO[SiH](C)C,1
CCOC(=O)CC(=O)C,0
CCCC(=O)OCC,1
CCOS(=O)(=O)C,1
CCOC(=O)N(C)N=O,1
CCOC=C,0
CCC1CCCCC1,0
OCCO,1
CC(C)OCCO,1
CCCCOCCO,1
OCc1ccco1,1
CCCCCCC=O,1
BrC1(Br)C(Br)(Br)C(Br)(Br)CCCCCCCCC1,0
[O-][N+](=O)N1CN(CN(C1)[N+](=O)[O-])[N+](=O)[O-],0
C[Si](C)(C)O[Si](C)(C)C,1
CN(C)P(=O)(N(C)C)N(C)C,1
CCCCCC=O,1
NNC(=O)CCCCC(=O)NN,0
CCCCCCOC(=O)C,1
Clc1ccc(C(Cn2ccnc2)OCC=C)c(Cl)c1,0
IC(I)I,1
CC(C)COC(=O)C=C,1
CC(C)COC=C,1
CC(C)Cc1ccccc1,1
CC(C)C=O,0
CC(C)CCCCCO,1
CC(C)OC(C)C,0
CC(C)C(=O)C,1
C=C=O,1
Clc1cccc(Cl)c1,1
[O-][N+](=O)c1cccc(c1)[N+](=O)[O-],0
C=Cc1cccc(C=C)c1,1
Nc1nc(N)nc(N)n1,0
N[C@@H](Cc1ccc(cc1)N(CCCl)CCCl)C(=O)O,1
CC(=C)C(=O)N,0
COC(=O)c1c(Cl)nn(C)c1S(=O)(=O)NC(=O)Nc1nc(OC)cc(OC)n1,0
COC(=O)CC(=O)C,0
CBr,1
CCC(=O)C,1
COC=O,1
CC(=C)C(=O)C,1
COS(=O)(=O)c1ccc(C)cc1,1
COC(C)(C)C,1
CCCCCC1C(CC(=O)OC)CCC1=O,0
O=C=NC1CCC(CC2CCC(CC2)N=C=O)CC1,1
CNN,1
ClC12C3(Cl)C4(Cl)C5(Cl)C(Cl)(C1(Cl)C4(Cl)Cl)C2(Cl)C(Cl)(Cl)C35Cl,1
Cc1cccc(N)c1,1
Fc1cc(Oc2ccc(cc2Cl)C(F)(F)F)ccc1NC(=O)NC(=O)c1c(F)cccc1F,0
OC(=O)CNCP(=O)(O)O,0
CCN(CC)c1ccccc1,0
CCN(CC)C(=O)c1cccc(C)c1,1
CN(C)C(=O)C,0
CN(C)C=O,1
CN(C)N=O,1
CCC(C)(CC)c1cc(NC(=O)c2c(OC)cccc2OC)on1,1
Cc1cc(ccc1NC(=O)c1cccc(I)c1C(=O)NC(C)(C)CS(=O)(=O)C)C(F)(C(F)(F)F)C(F)(F)F,0
COP(=O)(OC)OC(Br)C(Cl)(Cl)Br,1
CCCCN(CC)c1c(cc(cc1[N+](=O)[O-])C(F)(F)F)[N+](=O)[O-],1
CCNc1ccccc1,1
CCCCCCC,1
OC(=O)CN(CC(=O)O)CC(=O)O,1
CNc1ccccc1,1
CN(c1c(cc(cc1[N+](=O)[O-])[N+](=O)[O-])[N+](=O)[O-])[N+](=O)[O-],1
O=NN(c1ccccc1)c1ccccc1,1
CCCCCCCCC,1
CCCCCCCCCCCCCCCCCCOC(=O)CCc1cc(c(O)c(c1)C(C)(C)C)C(C)(C)C,0
CCCCCCCC,1
CCCCC,0
CCCCCOC(=O)C,1
Nc1ccc(Nc2ccccc2)cc1,0
COP(=S)(OC)Oc1c(Cl)cc(C)cc1Cl,0
CCOP(=S)(OCC)SCn1c2ccc(Cl)cc2oc1=O,1
CCOP(=S)(OCC)SCCSCC,1
COP(=S)(OC)SCN1C(=O)c2ccccc2C1=O,0
COP(=S)(Cl)OC,1
CCN(CC)c1nc(C)cc(OP(=S)(OC)OC)n1,1
CCCCCCCCSC(=O)Oc1cc(Cl)nnc1c1ccccc1,1
COc1ccccc1N,0
CCCCCCC=C,1
CCCCCC(=O)CC,1
C1=CC(=C(C(=C1OC2=C(C(=C(C=C2)Cl)Cl)Cl)Cl)Cl)Cl,1
Nc1ccccc1Cl,0
Clc1ccccc1C=C,1
Clc1ccccc1Cl,1
CCCCCCCC/C=C\CCCCCCCC(=O)N,0
O=C1C=CC(=O)C=C1,1
Clc1ccc(C=O)cc1,1
CN(C)c1ccc(cc1)N=Nc1ccccc1,1
C=Cc1ccc(C=C)cc1,1
Oc1c(Cl)c(Cl)c(Cl)c(Cl)c1Cl,1
OCC(COC(=O)C=C)(COC(=O)C=C)COC(=O)C=C,1
OC(=O)C(F)(F)C(F)(F)C(F)(F)C(F)(F)C(F)(F)C(F)(F)C(F)(F)F,1
OC(=O)c1ccc(cc1)[N+](=O)[O-],0
[O-][N+](=O)c1ccc(Cl)cc1,0
CN(C)c1ccc(cc1)N=O,1
CCOC(C)(C)C,1
CC(O)CO,0
OC(=O)C#C,1
CCC=O,1
CCCOC(=O)c1ccc(O)cc1,0
CC1COC(=O)O1,0
CCOCC(C)OC(=O)C,0
CCOCC(C)O,0
CC(=CCCC(=CC=CC(=O)C)C)C,1
Cc1ccc(C=O)cc1,1
N1c2ccccc2Sc2ccccc12,1
C1OC1c1ccccc1,1
Pc1ccccc1,1
COc1cc2OC[C@H]3Oc4c5C[C@@H](Oc5ccc4C(=O)[C@H]3c2cc1OC)C(=C)C,1
C=CCc1ccc2OCOc2c1,1
CCC(C)OC(=O)C,1
C=Cc1ccccc1,1
CCN(CC)C(=S)SCC(=C)Cl,1
COC(=O)c1ccccc1S(=O)(=O)NC(=O)Nc1nc(C)cc(C)n1,1
CCOP(=S)(OCC)OP(=S)(OCC)OCC,1
CCC(C)(C)OC,0
CC(C)(C)S,0
CC(C)(C)c1ccccc1,1
FC(Cl)(Cl)C(F)(Cl)Cl,1
ClC(=C(Cl)Cl)Cl,1
CCOP(=O)(OCC)OP(=O)(OCC)OCC,1
CCN(CC)C(=S)SSC(=S)N(CC)CC,0
OCC1CCCO1,1
O=C1OC(=O)C2CC=CCC12,1
CO[Si](OC)(OC)OC,1
CN(C)S(=O)(=O)N(SC(F)(Cl)Cl)c1ccc(C)cc1,1
Cn1c2nc[nH]c2c(=O)n(C)c1=O,0
Clc1ccc(CN2CCSC2=NC#N)cn1,0
c1ccsc1,1
Sc1ccccc1,1
NC(=[S+2]([O-])[O-])N,1
Cl/C=C/Cl,1
C=CCOc1nc(OCC=C)nc(OCC=C)n1,0
BrC(Br)Br,1
CCCCN(CCCC)CCCC,1
CCC(=O)OC1C=CC2C3CCC(C3)C12,0
ClC(Cl)(Cl)C#N,1
ClSC(Cl)(Cl)Cl,1
CCOC(OCC)OCC,0
CCOP(=O)(OCC)OCC,0
CCOP(OCC)OCC,0
C1CN2CCN1CC2,1
COP(=O)(OC)OC,1
COP(OC)OC,1
O(P(Oc1ccccc1)Oc1ccccc1)c1ccccc1,1
c1ccc(cc1)P(c1ccccc1)c1ccccc1,1
ClCCOP(=O)(OCCCl)OCCCl,0
CCCCC(CC)COP(=O)(OCC(CC)CCCC)OCC(CC)CCCC,1
ClCC(CCl)OP(=O)(OC(CCl)CCl)OC(CCl)CCl,0
CCCCCCCCCCCC1=CC=CC=C1S(=O)(=O)O,1
ClC=C,1
CCC(=O)OC=C,1
CC(C)C1=CC=CC=C1C2=CC=CC=C2,1
CC(C)[C@@H]1CCC(=CC1)CCC=O,1
C1CCC(CC1)OCCC2=CC=CC=C2,1
CC1CN1C(=O)C2=CC(=CC=C2)C(=O)N3CC3C,1
C1=CC(=CC(=C1)CS)CS,1
C1=CC=C2C(=C1)C(=O)N(C2=O)CCCCCC(=O)OO,1
C1C(O1)COC2=CC3=C(C=C2)C(=CC=C3)OCC4CO4,1
CC1=C(C(CCC1)(C)C)/C=C/C(=C/C=C/C(=C\C(=O)O)/C)/C,1
C1CCC(CC1)N2C(=O)C=CC2=O,1
CS(=O)(=O)OCC#C,1
C1=CSC(=C1)CC#N,1
CC(=C)C1=CC(=CC=C1)C(C)(C)N=C=O,1
CC(CC(C)(C)OOC(=O)CCCCCC(C)(C)C)O,1
CC1C(C2CCC3=CN=CN=C3C2C1(C)C)(C)C,1
CC1(C2CC=C(C1C2)CCC=O)C,1
C=C1C(C2(C(C(C1(C2(Cl)Cl)Cl)Cl)Cl)Cl)(CCl)CCl,1
CCCCCCCCCCCC#N,1
CCCCCCCCCCCCOC(=O)CCNC1CC(NC(C1)(C)C)(C)C,1
CCCCCCCCCCCCCCOC(=O)CCNC1CC(NC(C1)(C)C)(C)C,1
CCCCOC(=O)N(C)SN(C)C(=O)OC1=CC=CC2=C1OC(C2)(C)C,1
C(CCCCN=C(N)N)CCCNCCCCCCCCN=C(N)N,1
COC(=O)OCC#C,1
CC(C)N=C=NC(C)C,1
C1=CC(=S)N(C=C1)O,1
B(C1=C(C(=C(C(=C1F)F)F)F)F)(C2=C(C(=C(C(=C2F)F)F)F)F)C3=C(C(=C(C(=C3F)F)F)F)F,1
CC(C)(CCl)C1=CC=CC=C1,1
C1=CC(=CC(=C1)O)CC(=O)O,1
C1=CC(=CC=C1CC(=O)O)O,1
C1=CN=CC=C1SCC(=O)O,1
CC1(O[C@H]([C@@H](O1)CP(C2=CC=CC=C2)C3=CC=CC=C3)CP(C4=CC=CC=C4)C5=CC=CC=C5)C,1
CC/C=C\C/C=C\C/C=C\CCCCCCCC(=O)N,1
C[C@H](C1=CC=CC2=CC=CC=C21)N=C=O,1
C1=CC=C2C(=C1)C=CC(=C2C3=C(C=CC4=CC=CC=C43)O)O,1
C1[C@H](NC(=O)O1)CC2=CC=CC=C2,1
C[C@@H](C1=CC=CC=C1)N=C=O,1
C1=CC=C2C(=C1)C=CC3=C2C4=C(C=CC5=CC=CC=C54)OP(=O)(O3)O,1
CC(=O)CC(=O)C(F)(F)F,1
CC(=O)C(F)(F)F,1
C(CCCCCCl)CCCCCl,1
CSC(=C[N+](=O)[O-])SC,1
C1=CN(C=N1)C(=O)N2C=CN=C2,1
CCC(C)CC,1
CC1=C(C(=CC=C1)O)O,1
C1=CC=C(C(=C1)CBr)CBr,1
C1=CC=C(C(=C1)C(Br)Br)C(Br)Br,1
C1=CC=C(C(=C1)Br)Br,1
C(C(Cl)(Cl)Br)(Cl)(Cl)Br,1
C1=CC=C2C(=C1)C=CC(=C2O)O,1
CC1=NC=CN1C,1
C1C=CC=CC=C1,1
C1N(CN(CN1CC2=CC=CC=C2)CC3=CC=CC=C3)CC4=CC=CC=C4,1
CCCCN1CN(CN(C1)CCCC)CCCC,1
CC(C)N1CN(CN(C1)C(C)C)C(C)C,1
C1=CC(=CC(=C1)CBr)CBr,1
C1=CC(=CC(=C1)CCl)CCl,1
C1=CC(=CC(=C1)Br)Br,1
C(CBr)CBr,1
C1CNCCNCCCNCCNC1,1
C(CCS)CS,1
C1CCS(=O)(=O)OC1,1
C1=CC(=CC=C1Br)Br,1
C(CCBr)CBr,1
C(C#CCCl)Cl,1
CN1CC(=O)N(CC1=O)C,1
C(C(C(CS)O)O)S,1
CCCCCCCC1CCC(=O)O1,1
C(CCBr)CCBr,1
C=CC(C(C=C)O)O,1
C(CCCBr)CCBr,1
C=CC(=O)OCCCCCCOC(=O)C=C,1
C(CCCN)CCCN,1
C(CCCCN)CCCN,1
C(CCCCCl)CCCCl,1
C1=CC2=C(C(=C1)O)C(=O)C3=C(C2=O)C=CC=C3O,1
C(CCCCN)CCCCN,1
CC(=O)O/C=C/C=C,1
CN1CCN(CC1)N,1
C1=CC(=C(C=C1F)F)Br,1
C1=CC=C(C(=C1)Cl)Br,1
C1=CC=C(C(=C1)F)Br,1
CC(C)CBr,1
C1=CC=C2C(=C1)C=CC(=C2Br)O,1
C1=CC(=C(C=C1Br)F)F,1
C1=CC(=CC(=C1)Br)Cl,1
C1=CC(=CC(=C1)Br)F,1
CCCCCCBr,1
CCCCCBr,1
C1=CC=C(C(=C1)C(F)(F)F)Cl,1
CCCCCCCCCCCCCl,1
C1CCN(CC1)C=O,1
C12=C(NC(=O)N1)NC(=O)NC2=O,1
C1=CC=C2C(=C1)C=CC(=C2O)C(=O)O,1
CCCCCCCCCCCCI,1
CCCCCCCCI,1
CCCI,1
CN1CCC(CC1)O,1
CN1C=CC=C1,1
C1=CC=C2C(=C1)C=CC=C2S(=O)(=O)O,1
C1=CC=C2C(=C1)C(=CC(=C2N)O)S(=O)(=O)O,1
C1=CC=C(C=C1)NC2=CC=CC3=C2C(=CC=C3)S(=O)(=O)O,1
CCCCCCCCCCCCCCCCCCS,1
CCCCCCC#C,1
CCCC#C,1
CC(=CCl)C,1
CC(C1=CC=CC=C1)O,1
C1=CC=C(C=C1)N2C=CC=N2,1
CCCCCCCCCCCCCO,1
C1=CC=C2C(=C1)C=CC(=O)N2,1
C1CN(CCN1)CCO,1
COC1=C(C=C(C=C1)CCN)OC,1
COC1=CC=C(C=C1)CCN,1
CCN(CC)CCS,1
CN(C)C1=CC=CC=N1,1
B(C1=CC=CC=C1)(C2=CC=CC=C2)OCCN,1
C(=O)(C(F)(F)F)N,1
C1=CC=C(C=C1)C(=O)C(F)(F)F,1
C(C(F)(F)F)O,1
CN(C(=O)C(F)(F)F)[Si](C)(C)C,1
C(C(C(C(C(F)F)(F)F)(F)F)(F)F)O,1
CC(C)C(C)(C)C,1
C1=CC(=C(C=C1Cl)Cl)C(=O)CCl,1
CC1=CC(=O)OC(O1)(C)C,1
CCCCC(C)(C)C,1
CCCC(C)(C)C,1
CC(C)(CN)CN,1
C1=CC=C(C(=C1)C2=CC=CC=C2[N+](=O)[O-])[N+](=O)[O-],1
C(C(=O)O)SCC(=O)O,1
C(C1=C(C(=C(C(=C1F)F)F)F)F)Br,1
CC(C)C(C)C(C)C,1
CC1=CC(=C(C(=C1)O)C)C,1
C1=CC(=C(C(=C1O)C#N)C#N)O,1
C1=CC(=C(C(=C1)Cl)Cl)C=O,1
C1=CC(=C(C(=C1)Cl)Cl)O,1
C(C(CS)S)O,1
CCCC(C)C(C)C,1
CCC(C)C(C)C,1
CCC(=O)C(=O)C,1
C1=CC(=C(N=C1)C(=O)O)C(=O)O,1
CC(C)(C)C1=CC(=C(C=C1)OP2OCC3(CO2)COP(OC3)OC4=C(C=C(C=C4)C(C)(C)C)C(C)(C)C)C(C)(C)C,1
C1=C(N=C(N=C1Cl)N)N,1
C1=CC(=C(C=C1Cl)Cl)C=O,1
C1=CC(=C(C=C1Cl)Cl)C(=O)O,1
C1=CC=C(C=C1)C(=O)C2=C(C=C(C=C2)O)O,1
CCC(C)CC(C)C,1
C1=CN=C(C=C1C(=O)O)C(=O)O,1
CC(CCC(C)C=O)CC(C)(C)C,1
C1=CC(=NC=C1Br)Br,1
C1=CC(=C(C=C1Cl)C(=O)O)Cl,1
C1=CC(=C(C=C1Cl)O)Cl,1
CC(C)CCC(C)C,1
CCCCCCCCCCCCCCCC/C=C/C1CC(=O)OC1=O,1
C1=CC(=NC(=C1)N)N,1
C1=CC(=NC(=C1)Br)Br,1
C1=CC(=C(C(=C1)Br)O)Br,1
C1=CC(=C(C(=C1)Cl)C=O)Cl,1
C1=CC(=C(C(=C1)Cl)C(=O)O)Cl,1
C1=C(C(=O)C(=CC1=NCl)Cl)Cl,1
C1=CC(=C(C(=C1)Cl)S)Cl,1
C1=CC(=NC(=C1)F)F,1
C1=CC(=C(C(=C1)F)CC(=O)O)F,1
C1=CC(=CC2=C1C=CC(=C2)O)O,1
CC(=O)C1CCOC1=O,1
CC(CO)(CO)N,1
CC1=C(N=CC=C1)N,1
CC1=CC(=NC=C1)N,1
C1=CC(=C(C=C1Cl)C(=O)O)N,1
CC1=CN=C(C=C1)N,1
C1=CC(=NC=C1[N+](=O)[O-])N,1
CC1=C(C=CC=C1Cl)N,1
CC1=NC(=CC=C1)N,1
CCCCCCC(C)N,1
C1=CC=C(C(=C1)C=O)Br,1
C1=CC=NC(=C1)Br,1
C=CC1=CC=CC=C1Br,1
CC1=CC=CC=C1Br,1
CC(C(=O)C)O,1
CC#CCO,1
C1=CC=C(C(=C1)Cl)I,1
CCC(C)(C)Cl,1
C1=C(C=NC(=C1[N+](=O)[O-])Cl)[N+](=O)[O-],1
C1=CC(=C(C=C1[N+](=O)[O-])Cl)C(=O)O,1
CC1=CC(=C(C=C1)Cl)O,1
C1=CC(=C(C=C1[N+](=O)[O-])C(=O)O)Cl,1
C1=CC=C(C(=C1)C(=O)O)Cl,1
C1=CC=C(C(=C1)CC#N)Cl,1
C1=CC=C(C(=C1)CN)Cl,1
C1=CC=NC(=C1)Cl,1
C1=CC=C(C(=C1)CC(=O)O)Cl,1
CCOCCCl,1
CCC1=CC=CC=N1,1
C1=CC=C(C(=C1)N)F,1
C1=CC=C(C(=C1)C=O)F,1
C1=CC=C(C(=C1)C(=O)O)F,1
C1=CC=C(C(=C1)O)F,1
C1=COC(=C1)C(=O)O,1
C1=CC(=O)OC2=CC(=C(C=C21)O[C@H]3[C@@H]([C@H]([C@@H]([C@H](O3)CO)O)O)O)O,1
C1CC=COC1,1
C1CC(OC=C1)C=O,1
C1=CC(=C(C=C1[N+](=O)[O-])C=O)O,1
C1=CC(=C(C=C1[N+](=O)[O-])C(=O)O)O,1
C1=CC=C(C(=C1)C#N)O,1
C1=CC=C(C(=C1)/C=C/C(=O)O)O,1
CC(C)(C(=O)O)O,1
C(C(F)(F)F)I,1
C(C(=O)N)I,1
C1=CC=C(C(=C1)O)I,1
C1=CC=C(C(=C1)O)S,1
CC1=CC(=C(C=C1)O)OC,1
COC1=C(C=C(C=C1)[N+](=O)[O-])O,1
COC1=CC=CC=C1C=O,1
CC1=NC2=CC=CC=C2O1,1
CCCCCC(C)C,1
CCCCC(C)C,1
C(CO)[N+](=O)[O-],1
C1=CN=C(N1)[N+](=O)[O-],1
CCC(=O)C(=O)O,1
CCCC(=O)C(=O)O,1
CC(=O)CC(C)(C)OO,1
CCC#CC,1
CC(C)S,1
C=CC(=O)NCCSSCCNC(=O)C=C,1
C=CC(=O)OCCOCCOCCOC(=O)C=C,1
CCOCCOCCOC(=O)C=C,1
C=CC(=O)OCCC(=O)O,1
CCOC(=O)C(=C(C1=CC=CC=C1)C2=CC=CC=C2)C#N,1
CC(=C)C(=O)OCCOCCOCCOC(=O)C(=C)C,1
CC(=C)C(=O)OCCCCOC(=O)C(=C)C,1
CC(CCOC(=O)C(=C)C)OC(=O)C(=C)C,1
CC(=C)C(=O)OCCOCCOC(=O)C(=C)C,1
C1=C(NC=N1)/C=C/C(=O)O,1
C1=CC=C(C=C1)/C=C/C(=O)O,1
CCCC(CCC)C(=O)O,1
C1=CN=C(C=N1)C#N,1
C1=CC(=O)NC=C1,1
C1=CC=NC(=C1)CO,1
CC(C)(C1=CC=CC=C1)O,1
CC(C=O)C1=CC=CC=C1,1
C1=CC=C(C=C1)C2=CC=CC=N2,1
CCC(C)C1=CC=CC=C1N,1
CC(C)(C)NCCO,1
CC1=CC=CC=C1C#N,1
C1=CC(=CC(=C1)C(F)(F)F)C#N,1
CC1CC(=O)CC(C1)(C)C,1
CC(=CC(=O)O)C,1
C1=CC(=C(C=C1O)Cl)Cl,1
C1=CC(=C(C=C1C(=O)O)F)F,1
C1=CC(=C(C=C1C=O)O)O,1
COC1=C(C=C(C=C1)CC(=O)O)OC,1
CCC(C)C(C)CC,1
C1=C(C=C(C=C1C(F)(F)F)Br)C(F)(F)F,1
C1=C(C=NC=C1Br)Br,1
CC1=CC(=CC(=C1)CBr)C,1
CC1=CC(=CN=C1)C,1
CC(=O)NC1=CC(=CC=C1)O,1
C1=CC(=CC(=C1)N)C(F)(F)F,1
C1=CC(=CN=C1)N,1
C1C(=O)N(C(=S)S1)N,1
C1=CC=C(C=C1)C(=O)CCC(=O)O,1
C(CO)CBr,1
CC(=O)C1=CC(=CC=C1)Br,1
C1=CC(=CC(=C1)Br)C=O,1
C1=CC(=CN=C1)Br,1
C1=CC(=CC(=C1)Br)O,1
CC1=CC(=CC=C1)Br,1
C=CCCO,1
CC(C=C)O,1
CC1C=C(CCC1C=O)C,1
CC1=CCC(CC1)C(C)(C)O,1
C1CCC(CC1)CCC(=O)O,1
CC(=O)C1=CC(=CC=C1)Cl,1
CC(=O)C(C(=O)C)Cl,1
C1=CC(=CC(=C1)Cl)C=O,1
C(CCl)C#N,1
C1=CC(=CN=C1)Cl,1
CCCC(CC)CC,1
CCC(CC)CC,1
C1=CC(=CC(=C1)F)N,1
C1=CC(=CC(=C1)F)C=O,1
C1=CC(=CC(=C1)F)CBr,1
C1=CC(=CC(=C1)F)O,1
C1=COC=C1C(=O)O,1
CCC#CCC,1
C1=CC(=CC(=C1)O)/C=C/C(=O)O,1
COC1=CC=CC(=C1O)O,1
COC1=CC=CC(=C1)O,1
CC1=CC(=CC=C1)CCl,1
CCCCC(C)CC,1
CCCC(C)CC,1
CC1=CC=NN1,1
C1=CC(=C(C(=C1)[N+](=O)[O-])C(=O)O)C(=O)O,1
C1=CC2=C(C(=C1)[N+](=O)[O-])C(=O)OC2=O,1
C1CC(CNC1)O,1
C1=CC(=CN=C1)C=O,1
C1=CC(=CN=C1)O,1
C1=CC(=CN=C1)CO,1
C1=CC=C(C=C1)CCC(=O)O,1
C1=CC=C(C=C1)CCCBr,1
C1=CC=C(C=C1)CCCCl,1
C1=CC=C2C(=C1)C(=CC=C2O)N=NC3=CC=C(C=C3)[N+](=O)[O-],1
CN(C)C1=CC=NC=C1,1
CN(C)C1=CC=C(C=C1)/C=C/C=O,1
C1=CC(=CC=C1C(=O)C(=O)C2=CC=C(C=C2)F)F,1
COC1=CC=C(C=C1)C(=O)C2=CC=C(C=C2)OC,1
C1=C(NC(=S)N=C1N)N,1
C1=CC(=CC=C1C(=O)O)N,1
C1=CC(=CC=C1C(F)(F)F)N,1
C1COCCN1N,1
C1CN(CCC1N)CC2=CC=CC=C2,1
C1=CN=CC=C1N,1
C1CNCCC1CC2=CC=CC=C2,1
C1=CC=C(C=C1)CC2=CC=NC=C2,1
CC(=O)C1=CC=C(C=C1)Br,1
C1=CC(=CC=C1C=O)Br,1
C1=CC(=CC=C1CC(=O)O)Br,1
CC(C)(C)C1=CC=C(C=C1)Br,1
CC1=CC=C(C=C1)Br,1
C1=CC(=C(C=C1Cl)[N+](=O)[O-])C(=O)O,1
C1=CC(=C(C=C1C(=O)O)[N+](=O)[O-])Cl,1
C1=CC(=C(C=C1O)[N+](=O)[O-])Cl,1
CC1=CC(=C(C=C1O)C(C)C)Cl,1
CC(=O)C1=CC=C(C=C1)Cl,1
C1=CC=C(C=C1)C(C2=CC=C(C=C2)Cl)Cl,1
C1=CC(=CC=C1CC#N)Cl,1
C(CC#N)CCl,1
C1=CC(=CC=C1CC(=O)O)Cl,1
CCOC1=CC=C(C=C1)C=O,1
CCC1CCC(=O)CC1,1
CCC1=CC=NC=C1,1
C1=CC(=CC=C1C(=O)O)F,1
C1=CC(=CC=C1CN)F,1
C1=CC(=CC=C1O)F,1
CCCCCCC1=C(C=C(C=C1)O)O,1
C1=CC(=CC=C1C=O)O,1
C1=CC(=CC=C1C#N)O,1
C1=CC(=CC=C1C(F)(F)F)O,1
C1=CC(=CC=C1/C=C/C(=O)O)O,1
CC1=CC=C(C=C1)I,1
CC1=CC=C(C=C1)CCl,1
CC1=CC(=C(C=C1)O)O,1
CCCC(C)CCC,1
CC(=O)NC1=CC=C(C=C1)[N+](=O)[O-],1
C1=CC(=CC=C1CBr)[N+](=O)[O-],1
C1=CC(=C(C=C1[N+](=O)[O-])C(=O)O)C(=O)O,1
C1CNCCC1O,1
C1=CN=CC=C1C#N,1
C1=CN=CC=C1CO,1
CC(C)(C)C1=CC=C(C=C1)CO,1
CC1=CC=C(C=C1)C#N,1
C=CCCCBr,1
C(CCBr)CC(=O)O,1
C(CCBr)CC#N,1
CC1=NC2=C(O1)C=CC(=C2)Cl,1
C1=CC(=C(C=C1Cl)C(=O)O)[N+](=O)[O-],1
C1=CC2=C(C=CC(=C2N=C1)O)Cl,1
C1COC2=C(O1)C=CC(=C2)N,1
C(CCC#N)CCBr,1
C1=NC2=C(N1)C(=O)NC(=N2)N,1
CC(C)CCCC(C)N,1
CC1=CC2=C(C=C1)N=CC=C2,1
CC(C)/C=C/CCCCC(=O)NCC1=CC(=C(C=C1)O)OC,1
C[C@@H](CCC=C(C)C)CCO,1
CC(CCC=C(C)C)CC=O,1
C(CCCBr)CCC#N,1
C1=CC2=C(C(=C1)N)N=CC=C2,1
C1=CC=C2C(=C1)C3=CC=CC=C3C(=O)C2=O,1
C1=CC=C2C(=C1)C(=C3C=CC=CC3=N2)N,1
CCCCCC[C@H](C/C=C\CCCCCCCC(=O)OCCCC)OC(=O)C,1
C1=CC2=C3C(=C1)C(=O)C(=O)C3=CC=C2,1
C1CC[C@H]([C@@H](C1)N(CC(=O)O)CC(=O)O)N(CC(=O)O)CC(=O)O,1
CCC1=CC=CC(=C1N(COCC)C(=O)CCl)C,1
CC(=O)NN,1
C1=CC=C2C(=C1)C=C3C=CC=CC3=N2,1
C=CC(=O)N1CCOCC1,1
CCCCCCCCCOCC,1
CC(=O)CC(=O)OCC=C,1
C[Si](C)(C)CC=C,1
COC(CN)OC,1
C(N(CP(=O)(O)O)CP(=O)(O)O)P(=O)(O)O,1
CC1([C@@H](N2[C@H](S1)[C@@H](C2=O)NC(=O)[C@@H](C3=CC=CC=C3)N)C(=O)O)C,1
CCCCCOC(=O)C1=CC=CC=C1O,1
C1=CC=C2C=C3C=CC=CC3=CC2=C1,1
C1C2=C(C(=CC=C2)O)C(=O)C3=C1C=CC=C3O,1
CN1C=NC(=C1SC2=NC=NC3=C2NC=N3)[N+](=O)[O-],1
CCC(=O)OCC(=O)[C@]1([C@H](C[C@@H]2[C@@]1(C[C@@H]([C@]3([C@H]2CCC4=CC(=O)C=C[C@@]43C)Cl)O)C)C)OC(=O)CC,1
C1=CC=C(C=C1)/C=C/[N+](=O)[O-],1
CC1=CC=CC=C1/C=C/C2=CC=C(C=C2)/C=C/C3=CC=CC=C3C,1
C1=CC(=CC=C1N=C=S)N=C=S,1
CC1=CC=C(C=C1)C(C)C,1
C1=CC=C(C=C1)C(=O)C(=O)C2=CC=CC=C2,1
COC(=O)C1=CC=CC=C1N,1
C1=CC(=C(C=C1C(=O)O)O)O,1
C1=C(C=C(C=C1O)O)C(=O)O,1
C1=CC=C(C=C1)COC(=O)CBr,1
C1=CC=C(C=C1)COC(=O)C2=CN=CC=C2,1
CNCC1=CC=CC=C1,1
CC(=O)CCC1=CC=CC=C1,1
C1CS(=O)C(=NO1)C2=CC3=CC=CC=C3S2,1
CC1=C(NC(=C1CCC(=O)O)CC2=C(C(=C(N2)/C=C\3/C(=C(C(=O)N3)C)C=C)C)CCC(=O)O)/C=C\4/C(=C(C(=O)N4)C=C)C,1
C1=CC=C(C=C1)I(OC(=O)C(F)(F)F)OC(=O)C(F)(F)F,1
C[Si](C)(C)/N=C(\C(F)(F)F)/O[Si](C)(C)C,1
C1=C(C=C(C(=C1SC2=C(C(=CC(=C2)Cl)Cl)O)O)Cl)Cl,1
B[N+](C)(C)C,1
CCOC(CBr)OCC,1
C(Cl)(Cl)(Cl)Br,1
CCCC1O[C@@H]2C[C@H]3[C@@H]4CCC5=CC(=O)C=C[C@@]5([C@H]4[C@H](C[C@@]3([C@@]2(O1)C(=O)CO)C)O)C,1
CCOC(C)CC(OCC)OCC,1
CCCCSCCCC,1
C=CCNC(=O)C(C(C(=O)NCC=C)O)O,1
CC(=C)C(=O)OCCOC(=O)CC(=O)C,1
CCCCOC(=O)C1=CC=CC=C1,1
C1=CC=C(C=C1)NNC(=O)NNC2=CC=CC=C2,1
C1C/C=C\C=C/CC1,1
C1=CC=C(C=C1)S(=O)(=O)/C=C\S(=O)(=O)C2=CC=CC=C2,1
CC/C(=N\OC/C=C/Cl)/C1=C(CC(CC1=O)CC(C)SCC)O,1
CCC(=O)O[C@@]1([C@H](C[C@@H]2[C@@]1(C[C@@H]([C@]3([C@H]2CCC4=CC(=O)C=C[C@@]43C)F)O)C)C)C(=O)CCl,1
C1=CC=C(C=C1)C(C2=CC=CC=C2)(C3=CC=CC=C3Cl)N4C=CN=C4,1
CN1CCN(CC1)C2=NC3=C(C=CC(=C3)Cl)NC4=CC=CC=C42,1
C1=CC=C2C(=C1)C=CC(=O)O2,1
C1CCC(CC1)C(=O)O,1
C1CCC(CC1)S,1
C1CCCC(CCC1)O,1
C1CCCC(CCC1)N,1
C1CCC(C1)C(=O)O,1
C1CC1CCl,1
CC(=O)[C@]1(CC[C@@H]2[C@@]1(CC[C@H]3[C@H]2C=C(C4=CC(=O)[C@@H]5C[C@@H]5[C@]34C)Cl)C)OC(=O)C,1
C1(=C(C(=O)C(=C(C1=O)Cl)O)Cl)O,1
C(Cl)I,1
C(SC#N)Cl,1
C1=CC=C(C=C1)C(C2=CC=CC=C2)(C3=CC=CC=C3)Cl,1
CC1=CC(=CC(=C1Cl)C)O,1
C[C@H](CCC(=O)O)[C@H]1CC[C@@H]2[C@@]1([C@H](C[C@H]3[C@H]2[C@@H](C[C@H]4[C@@]3(CC[C@H](C4)O)C)O)O)C,1
CCCCCCCCCC(=O)OC,1
C([C@H]([C@H]([C@@H]([C@H](C(=O)O)O)O)O)O)O,1
CC(C)(C)OC(=O)OC(=O)OC(C)(C)C,1
CCC(COCC(CC)(COC(=O)C=C)COC(=O)C=C)(COC(=O)C=C)COC(=O)C=C,1
C1=CC=C(C=C1)CNCC2=CC=CC=C2,1
COC1=C(C=CC(=C1C(=O)O)Cl)Cl,1
COC(=O)OC(=O)OC,1
C=CCN(CC=C)C(=O)C(Cl)Cl,1
CCCCCCCCCCCC(=O)N(CCO)CCO,1
CCOC(=O)OC(=O)OCC,1
CCOC=C(C(=O)OCC)C(=O)OCC,1
CCOP(=O)(CC(=O)OC)OCC,1
CC(C)OC(=O)N=NC(=O)OC(C)C,1
CNC1=CC=CC=C1C(=O)OC,1
COS(=O)OC,1
CN(C)CC=C,1
CC1=NC=C(N1C)[N+](=O)[O-],1
C1=CC(=NC(=C1)C(=O)O)C(=O)O,1
C1=CC=C(C=C1)SC2=CC=CC=C2,1
C1=CC=C(C=C1)C(C2=CC=CC=C2)C(=O)O,1
C1=CC=C(C=C1)[Si]C2=CC=CC=C2,1
C1C[N+]2=CC=CC=C2C3=CC=CC=[N+]31,1
C1=CC=C(C=C1)NNC(=S)N=NC2=CC=CC=C2,1
CCCCCCCCCCCCCCCCCCCC,1
CCSCC,1
CC(=O)C1=CC=CC=C1O,1
CC(=C)C(=O)OCCOc1ccc(cc1)C(C)(C)c2ccc(OCCOC(=O)C(C)=C)cc2,1
CCO[Si](C)(C)C,1
CCC(C(=O)OCC)Br,1
CCOC(=O)C(C)Br,1
CCCC(C(=O)OCC)Br,1
CCOC(=O)C(C(=O)C)Cl,1
CCOC(=O)CCCl,1
CCOC(=O)C#C,1
CCOC(=O)C(=O)CBr,1
CCOC(=O)/C=C/C1=CC=CC=C1,1
CCOC(=O)/C=C/C,1
CCOC(=O)C(Cl)Cl,1
CCO/C=C(\C#N)/C(=O)OCC,1
CCOC(=O)CI,1
CCN=C=O,1
CCOC(=O)C1=CC=CC=C1O,1
CCOC(=O)CS,1
CC1(C2CCC(O1)(CC2)C)C,1
C1=C(N=C(S1)N=C(N)N)CSCCC(=NS(=O)(=O)N)N,1
CCCCCCCCC(=O)O,1
CCC(=O)O[C@@]1([C@@H](C[C@@H]2[C@@]1(C[C@@H]([C@]3([C@H]2C[C@@H](C4=CC(=O)C=C[C@@]43C)F)F)O)C)C)C(=O)SCF,1
C1=COC(=C1)/C=C/C(=O)O,1
C1=C(C=C(C(=C1O)O)O)C(=O)O,1
CC1=CC(=C(C=C1)C)OCCCC(C)(C)C(=O)O,1
C1CC(=O)OC(=O)C1,1
COC1=C(C=C(C=C1)Cl)C(=O)NCCC2=CC=C(C=C2)S(=O)(=O)NC(=O)NC3CCCCC3,1
C1=CC=C(C(=C1)C(=O)OCCO)O,1
C1(C(OC2C(O1)OC(C(O2)O)O)O)O,1
C(=C(Cl)Cl)(C(Cl)(Cl)Cl)Cl,1
CCCCCCCCCCCCCCCC,1
CCN(CC)P(N(CC)CC)N(CC)CC,1
CCCC(=O)O[C@@]1(CC[C@@H]2[C@@]1(C[C@@H]([C@H]3[C@H]2CCC4=CC(=O)CC[C@]34C)O)C)C(=O)CO,1
C1NC2=CC(=C(C=C2S(=O)(=O)N1)S(=O)(=O)N)Cl,1
C(=O)(N)NC(=O)N,1
C(CCCN=C=O)CCNC(=O)N(CCCCCCN=C=O)C(=O)NCCCCCCN=C=O,1
CCI,1
CC(=O)O[C@H]1C[C@H]2CC[C@]1(C2(C)C)C,1
CC(C)C[Si](C(C)C)(OC)OC,1
C1=CC(=NC=C1C(=O)O)C(=O)O,1
C(C(F)(F)F)(OC(F)F)Cl,1
C1=CN=CC=C1C=O,1
CC(C)CCCCCOC(=O)C=C,1
C1=CC(=CC(=C1)C(=O)Cl)C(=O)Cl,1
CC(C1=CC(=CC=C1)C(=O)C2=CC=CC=C2)C(=O)O,1
CCCCCCCCCCCC=O,1
CC(=O)CCC(=O)O,1
CCN(CC)CC(=O)NC1=C(C=CC=C1C)C,1
CCCCC/C=C\C/C=C\CCCCCCCC(=O)N(CCO)CCO,1
C1=CC=C(C(=C1)C2=NC(C(=O)NC3=C2C=C(C=C3)Cl)O)Cl,1
C1=CC=C(C=C1)C(C#N)O,1
CC1=C(C=CC(=C1)Cl)OC(C)C(=O)O,1
C(C(C(=O)O)S)C(=O)O,1
CN(C)C(=N)N=C(N)N,1
CSCCC(C(=O)O)N,1
CC(=O)/C=C/C(=O)OC,1
CC(C(=O)OC)Br,1
CC(=O)C1=CC=CC=N1,1
COC(=O)CCBr,1
CC(=O)C1=CN=CC=C1,1
CC(=O)C1=CC=NC=C1,1
C/C=C/C(=O)OC,1
COC(=O)C(Cl)Cl,1
CSC#N,1
COC(=O)CS,1
COC(=O)C(Cl)(Cl)Cl,1
COC(=O)C(F)(F)F,1
C(I)I,1
CC1=C(C=CC(=C1)O)O,1
CC1=CC(=O)C=CC1=O,1
CC1=CC=C(C=C1)C=C,1
C1CCN(CC1)C2=NC(=N)N(C(=C2)N)O,1
C=CC(=O)NC(C(NC(=O)C=C)O)O,1
CC(=O)NNC(=O)C,1
CCC1CCC(C1)CCC(=O)O,1
CC(C)(COC(=O)C=C)COC(=O)C=C,1
C1=CC=C2C(=C1)C(=O)C(C2=O)(O)O,1
C1C(=O)NC2=C(C=C(C=C2)[N+](=O)[O-])C(=N1)C3=CC=CC=C3,1
CN(C=O)C1=CC=CC=C1,1
CC[C@]12CC[C@H]3[C@H]([C@@H]1CC[C@]2(C#C)OC(=O)C)CCC4=CC(=NO)CC[C@H]34,1
CCCCCCCC=O,1
CCCCCCCC(=O)N(C)C,1
CCCCCCCC(=O)OC,1
CCCCCCCC/C=C\CCCCCCCC(=O)O,1
CCCCCCCC/C=C\CCCCCCCCO,1
C1=CC=C(C=C1)C2=NC(C(=O)NC3=C2C=C(C=C3)Cl)O,1
CCCCCCCCCOCC1CO1,1
C[C@@H]1[C@H](OC=C2C1=C(C(=C(C2=O)C(=O)O)O)C)C,1
CC1=CC(=C(C(=C1C)C)C)C,1
C(CN(CC(=O)O)CC(=O)O)N(CCN(CC(=O)O)CC(=O)O)CC(=O)O,1
CC(C)(C)OOC(C)(C)CCC(C)(C)OOC(C)(C)C,1
CCCCCCCCCCC/C=C\CCCCC(=O)O,1
CC(C)NCC(COC1=CC=CC2=C1C=CN2)O,1
CC(C)(C)C(=O)OC(=O)C(C)(C)C,1
CC(C)CCCC(C)CCCC(C)CCCC(C)C,1
CC(C)(C)Br,1
CCC(=O)OC,1
CC(C)(COCCCOC(=O)C=C)COCCCOC(=O)C=C,1
CCCOC(=O)C1=CC=CC=C1,1
C1=CNN=C1,1
CC1=NC(=CC=C1)C,1
C1=C(C=NC=C1C(=O)O)C(=O)O,1
CC(=O)C(OC)OC,1
CC1=CC(=C(C(=C1)C2(CCCCC2)C)O)C,1
CC1=CC(=C(C=C1C2(C3=CC=CC=C3S(=O)(=O)O2)C4=CC(=C(C=C4C)O)C(C)C)C(C)C)O,1
C1=CC=C(C=C1)OCC(=O)O,1
C1=CC=C(C=C1)OC(=O)Cl,1
C1=CC=C(C=C1)C#CC(=O)O,1
C1=C(C=C(C=C1O)O)O,1
CCCCC(CC)COP(OC1=CC=CC=C1)OC2=CC=CC=C2,1
C1=CC=C(C(=C1)C(=O)O)C(=O)O,1
C1=CC=C2C(=C1)C(=O)NC2=O,1
C1=CC=C2C(=C1)C=CC(=N2)C(=O)O,1
C[C@H]1/C=C/C=C(\C(=O)NC2=C(C(=C3C(=C2O)C(=C(C4=C3C(=O)[C@](O4)(O/C=C/[C@@H]([C@H]([C@H]([C@@H]([C@@H]([C@@H]([C@H]1O)C)O)C)OC(=O)C)C)OC)C)C)O)O)/C=N\N5CCN(CC5)C)/C,1
C1=CC=C(C=C1)NC(=O)C2=CC=CC=C2O,1
C(=N[Si](N=C=O)(N=C=O)N=C=O)=O,1
COCCOCCC[Si](C)(O[Si](C)(C)C)O[Si](C)(C)O[Si](C)(C)C,1
CCCCCCCC\C=C/CCCCCCCC(=O)OCC(OC(=O)CCCCCCC\C=C/CCCCCCCC)[C@H]1OC[C@@H](O)[C@@H]1OC(=O)CCCCCCC\C=C/CCCCCCCC,1
C[C@@]12C(=O)N3[C@@H]4[C@]([C@H]([C@]3(C(=O)N1C)SS2)O)(C5=CC(=C(C(=C5N4C)OC)OC)Cl)O,1
CC1=CC(=NO1)NS(=O)(=O)C2=CC=C(C=C2)N,1
C1=CN=C(N=C1)NS(=O)(=O)C2=CC=C(C=C2)N,1
C1=CC(=CC=C1N)S(=O)(=O)N=C(N)N,1
C1=CC(=CC=C1N)S(=O)(=O)N,1
C1=CC(=CC=C1N)S(=O)(=O)NC2=NC=CS2,1
CC(C)(C)OC(=O)CBr,1
CC(C)(C)C1=C(C=CC(=C1)O)O,1
CC(=O)NC1CC(C)(C)N([O])C(C)(C)C1,1
C1CC(OC1)CCl,1
CCCCNC(=O)NS(=O)(=O)C1=CC=C(C=C1)C,1
CC1=CC(=CC=C1)N(C)C(=S)OC2=CC3=CC=CC=C3C=C2,1
C1=CC=C(C=C1)C(=S)SCC(=O)O,1
C1CCSC1,1
C(=S)(Cl)Cl,1
C1=CC=C(C(=C1)C(=O)O)S,1
CC/C=C/C(=O)O,1
CC1=CC=CC=C1P(C2=CC=CC=C2C)C3=CC=CC=C3C,1
C1=CC=C(C=C1)C2=NC3=C(N=C(N=C3N=C2N)N)N,1
C1=CC=C(C=C1)CN(CC2=CC=CC=C2)CC3=CC=CC=C3,1
C(=NC(=O)C(Cl)(Cl)Cl)=O,1
CCCCCCCC[Si](OCC)(OCC)OCC,1
CCOC(C)(OCC)OCC,1
CC(OC)(OC)OC,1
C[Si](C)(C)CSC1=CC=CC=C1,1
CCC(COC(=O)C(=C)C)(COC(=O)C(=C)C)COC(=O)C(=C)C,1
C[Si](C)(C)C=C,1
C1=CC=C(C=C1)[Si](C2=CC=CC=C2)C3=CC=CC=C3,1
C1=CC=C(C=C1)[Si](C2=CC=CC=C2)(C3=CC=CC=C3)O,1
C1=CC=C(C=C1)C(CO)C(=O)O,1
CCCCC(CC)C(=O)OC=C,1
CCC(Cl)Cl,1
C(CO)CO,1
CCCCCCCCCCCCCC(=O)O[C@@H]1[C@H]([C@]2([C@@H](C=C(C[C@]3([C@H]2C=C(C3=O)C)O)CO)[C@H]4[C@@]1(C4(C)C)OC(=O)C)O)C,1
CC1=C2C=CC3=CC=CC4=C3C2=C(C=C1)C=C4,1
C1C=CC(=O)O1,1
CC(C)N(CCOC(=O)C(=C)C)C(C)C,1
CC(CC1=CC2=C(C=C1)OCO2)NC,1
C1=CC=C(C=C1)CCCO,1
CC1=CC(=CC=C1)C=C,1
CC(=O)C1=CC=C(C=C1)OC,1
CC1=CCC(CC1)(C(C)C)O,1
C1CC2=CC=CC3=C2C1=CC=C3,1
C1=CC2=C3C(=C1)C=CC3=CC=C2,1
CC(=O)NC1=CC=C(C=C1)O,1
CC1=CC(=C(C(=C1/C=C/C(=C/C=C/C(=C/C(=O)O)/C)/C)C)C)OC,1
C1CC(=O)NC2=C1C=CC(=C2)OCCCCN3CCN(CC3)C4=C(C(=CC=C4)Cl)Cl,1
C1=CC(=C(C=C1O)O)C(=O)C2=C(C=C(C=C2)O)O,1
C1=CC(=CC=C1CC2=CC=C(C=C2)O)O,1
C1=CC=C(C=C1)C(=O)C2=C(C=CC(=C2)Cl)O,1
CC1=CC2=C(C(=C1)O)C(=O)C3=C(C2=O)C=CC=C3O,1
CCCCCCCCCC=O,1
CC1=C(C(=O)C=CN1C)O,1
CC1=C(C(=NO1)C2=C(C=CC=C2Cl)Cl)C(=O)N[C@H]3[C@@H]4N(C3=O)[C@H](C(S4)(C)C)C(=O)O,1
CCCCC1=NC=C(N1CC2=CC=C(C=C2)C(=O)O)/C=C(\CC3=CC=CS3)/C(=O)O,1
C1CN(CCN1CCN2C3=CC=CC=C3NC2=O)C4=CC=CC(=C4)C(F)(F)F,1
C1CCC(CC1)(CC(=O)O)CN,1
C[C@]12CC[C@@H](C1(C)C)C[C@H]2O,1
C1=CC2=C(C=CO2)C3=C1C=CC(=O)O3,1
C/C=C/C1=CC2=C(C=C1)OCO2,1
CC/C=C\CC1=C(CCC1=O)C,1
CNC1(CCCCC1=O)C2=CC=CC=C2Cl,1
CC1=C(C(=O)C=CO1)O,1
C1=NC2=C(N1)C(=S)N=CN2,1
CC(C)OC(=O)/C=C(\C)/C=C/CC(C)CCCC(C)(C)OC,1
CC1CCC2(CCCCO2)OC1C(C)CC(C3C(=C)C(C4C(O3)CCC5(O4)CCC(O5)C=CC(C)C6CC(=CC7(O6)C(CCC(O7)CC(C)(C(=O)O)O)O)C)O)O,1
C1CNC[C@H]([C@@H]1C2=CC=C(C=C2)F)COC3=CC4=C(C=C3)OCO4,1
C1=CC(=CC=C1C(=O)O)Cl,1
C(C(C(C(F)(F)S(=O)(=O)O)(F)F)(F)F)(C(C(F)(F)F)(F)F)(F)F,1
C(C(C(C(F)(F)F)(F)F)(F)F)(C(C(F)(F)F)(F)F)(F)F,1
C1=CC(=O)OC2=CC3=C(C=CO3)C=C21,1
C1=CC=C(C=C1)OP(=O)(O)O,1
COC1=CC2=C(C=CN=C2C=C1)C(C3CC4CCN3CC4C=C)O,1
CCCC1=NN(C2=C1N=C(NC2=O)C3=C(C=CC(=C3)S(=O)(=O)N4CCN(CC4)C)OCC)C,1
CCCSC1=NC(=C2C(=N1)N(N=N2)[C@@H]3C[C@@H]([C@H]([C@H]3O)O)OCCO)N[C@@H]4C[C@H]4C5=CC(=C(C=C5)F)F,1
C1CN(CCN1CCC2=C(C=C3C(=C2)CC(=O)N3)Cl)C4=NSC5=CC=CC=C54,1
